workload_key,categories,M,K,N,dtype,mode,m,k,n,rows,cols,iteration,gops
128x128x128_i16,square,128,128,128,i16,optimized_final,64,8,16,2,8,1,1.465
128x128x128_i16,square,128,128,128,i16,optimized_final,64,8,16,2,8,2,2.27457
128x128x128_i16,square,128,128,128,i16,optimized_final,64,8,16,2,8,3,2.42305
128x128x128_i16,square,128,128,128,i16,optimized_final,64,8,16,2,8,4,2.34057
128x128x128_i16,square,128,128,128,i16,optimized_final,64,8,16,2,8,5,2.35239
128x128x128_i16,square,128,128,128,i16,optimized_final,64,8,16,2,8,6,2.34581
128x128x128_i16,square,128,128,128,i16,optimized_final,64,8,16,2,8,7,1.80323
128x128x128_i16,square,128,128,128,i16,optimized_final,64,8,16,2,8,8,2.18226
128x128x128_i16,square,128,128,128,i16,optimized_final,64,8,16,2,8,9,2.12262
128x128x128_i16,square,128,128,128,i16,optimized_final,64,8,16,2,8,10,2.65294
128x128x128_i16,square,128,128,128,i16,optimized_final,64,8,16,2,8,11,2.38992
128x128x128_i16,square,128,128,128,i16,optimized_final,64,8,16,2,8,12,2.43289
128x128x128_i16,square,128,128,128,i16,optimized_final,64,8,16,2,8,13,2.51608
128x128x128_i16,square,128,128,128,i16,optimized_final,64,8,16,2,8,14,1.43346
128x128x128_i16,square,128,128,128,i16,optimized_final,64,8,16,2,8,15,2.38992
128x128x128_i16,square,128,128,128,i16,optimized_final,64,8,16,2,8,16,2.43855
128x128x128_i16,square,128,128,128,i16,optimized_final,64,8,16,2,8,17,2.54818
128x128x128_i16,square,128,128,128,i16,optimized_final,64,8,16,2,8,18,1.58097
128x128x128_i16,square,128,128,128,i16,optimized_final,64,8,16,2,8,19,1.8817
128x128x128_i16,square,128,128,128,i16,optimized_final,64,8,16,2,8,20,2.55128
512x512x2048_i16,representative,512,512,2048,i16,baseline_final,32,32,32,4,8,1,340.115
512x512x2048_i16,representative,512,512,2048,i16,baseline_final,32,32,32,4,8,2,351.47
512x512x2048_i16,representative,512,512,2048,i16,baseline_final,32,32,32,4,8,3,252.23
512x512x2048_i16,representative,512,512,2048,i16,baseline_final,32,32,32,4,8,4,342.174
512x512x2048_i16,representative,512,512,2048,i16,baseline_final,32,32,32,4,8,5,341.847
512x512x2048_i16,representative,512,512,2048,i16,baseline_final,32,32,32,4,8,6,335.125
512x512x2048_i16,representative,512,512,2048,i16,baseline_final,32,32,32,4,8,7,336.175
512x512x2048_i16,representative,512,512,2048,i16,baseline_final,32,32,32,4,8,8,339.469
512x512x2048_i16,representative,512,512,2048,i16,baseline_final,32,32,32,4,8,9,333.46
512x512x2048_i16,representative,512,512,2048,i16,baseline_final,32,32,32,4,8,10,352.162
512x512x2048_i16,representative,512,512,2048,i16,baseline_final,32,32,32,4,8,11,351.355
512x512x2048_i16,representative,512,512,2048,i16,baseline_final,32,32,32,4,8,12,212.96
512x512x2048_i16,representative,512,512,2048,i16,baseline_final,32,32,32,4,8,13,349.525
512x512x2048_i16,representative,512,512,2048,i16,baseline_final,32,32,32,4,8,14,344.369
512x512x2048_i16,representative,512,512,2048,i16,baseline_final,32,32,32,4,8,15,344.811
512x512x2048_i16,representative,512,512,2048,i16,baseline_final,32,32,32,4,8,16,346.033
512x512x2048_i16,representative,512,512,2048,i16,baseline_final,32,32,32,4,8,17,351.816
512x512x2048_i16,representative,512,512,2048,i16,baseline_final,32,32,32,4,8,18,224.585
512x512x2048_i16,representative,512,512,2048,i16,baseline_final,32,32,32,4,8,19,272.316
512x512x2048_i16,representative,512,512,2048,i16,baseline_final,32,32,32,4,8,20,217.137
512x512x2048_i16,representative,512,512,2048,i16,optimized_final,16,16,256,2,8,1,469.909
512x512x2048_i16,representative,512,512,2048,i16,optimized_final,16,16,256,2,8,2,457.106
512x512x2048_i16,representative,512,512,2048,i16,optimized_final,16,16,256,2,8,3,337.655
512x512x2048_i16,representative,512,512,2048,i16,optimized_final,16,16,256,2,8,4,460.833
512x512x2048_i16,representative,512,512,2048,i16,optimized_final,16,16,256,2,8,5,456.135
512x512x2048_i16,representative,512,512,2048,i16,optimized_final,16,16,256,2,8,6,499.415
512x512x2048_i16,representative,512,512,2048,i16,optimized_final,16,16,256,2,8,7,330.28
512x512x2048_i16,representative,512,512,2048,i16,optimized_final,16,16,256,2,8,8,464.02
512x512x2048_i16,representative,512,512,2048,i16,optimized_final,16,16,256,2,8,9,473.849
512x512x2048_i16,representative,512,512,2048,i16,optimized_final,16,16,256,2,8,10,338.08
512x512x2048_i16,representative,512,512,2048,i16,optimized_final,16,16,256,2,8,11,471.146
512x512x2048_i16,representative,512,512,2048,i16,optimized_final,16,16,256,2,8,12,467.861
512x512x2048_i16,representative,512,512,2048,i16,optimized_final,16,16,256,2,8,13,452.102
512x512x2048_i16,representative,512,512,2048,i16,optimized_final,16,16,256,2,8,14,460.044
512x512x2048_i16,representative,512,512,2048,i16,optimized_final,16,16,256,2,8,15,469.703
512x512x2048_i16,representative,512,512,2048,i16,optimized_final,16,16,256,2,8,16,438.083
512x512x2048_i16,representative,512,512,2048,i16,optimized_final,16,16,256,2,8,17,454.206
512x512x2048_i16,representative,512,512,2048,i16,optimized_final,16,16,256,2,8,18,454.013
512x512x2048_i16,representative,512,512,2048,i16,optimized_final,16,16,256,2,8,19,390.736
512x512x2048_i16,representative,512,512,2048,i16,optimized_final,16,16,256,2,8,20,468.269
64x128x1024_i16,M_scaling,64,128,1024,i16,optimized_final,32,16,128,2,8,1,6.28831
64x128x1024_i16,M_scaling,64,128,1024,i16,optimized_final,32,16,128,2,8,2,9.03945
64x128x1024_i16,M_scaling,64,128,1024,i16,optimized_final,32,16,128,2,8,3,6.18857
64x128x1024_i16,M_scaling,64,128,1024,i16,optimized_final,32,16,128,2,8,4,9.8055
64x128x1024_i16,M_scaling,64,128,1024,i16,optimized_final,32,16,128,2,8,5,9.60344
64x128x1024_i16,M_scaling,64,128,1024,i16,optimized_final,32,16,128,2,8,6,5.29083
64x128x1024_i16,M_scaling,64,128,1024,i16,optimized_final,32,16,128,2,8,7,9.78263
64x128x1024_i16,M_scaling,64,128,1024,i16,optimized_final,32,16,128,2,8,8,9.31033
64x128x1024_i16,M_scaling,64,128,1024,i16,optimized_final,32,16,128,2,8,9,6.46521
64x128x1024_i16,M_scaling,64,128,1024,i16,optimized_final,32,16,128,2,8,10,5.45246
64x128x1024_i16,M_scaling,64,128,1024,i16,optimized_final,32,16,128,2,8,11,9.55967
64x128x1024_i16,M_scaling,64,128,1024,i16,optimized_final,32,16,128,2,8,12,5.7733
64x128x1024_i16,M_scaling,64,128,1024,i16,optimized_final,32,16,128,2,8,13,9.44663
64x128x1024_i16,M_scaling,64,128,1024,i16,optimized_final,32,16,128,2,8,14,9.81698
64x128x1024_i16,M_scaling,64,128,1024,i16,optimized_final,32,16,128,2,8,15,7.10899
64x128x1024_i16,M_scaling,64,128,1024,i16,optimized_final,32,16,128,2,8,16,9.35185
64x128x1024_i16,M_scaling,64,128,1024,i16,optimized_final,32,16,128,2,8,17,4.83493
64x128x1024_i16,M_scaling,64,128,1024,i16,optimized_final,32,16,128,2,8,18,5.90124
64x128x1024_i16,M_scaling,64,128,1024,i16,optimized_final,32,16,128,2,8,19,6.44039
64x128x1024_i16,M_scaling,64,128,1024,i16,optimized_final,32,16,128,2,8,20,4.02814
128x64x1024_i16,K_scaling,128,64,1024,i16,baseline_final,32,32,32,4,8,1,4.2175
128x64x1024_i16,K_scaling,128,64,1024,i16,baseline_final,32,32,32,4,8,2,4.84051
128x64x1024_i16,K_scaling,128,64,1024,i16,baseline_final,32,32,32,4,8,3,6.06771
128x64x1024_i16,K_scaling,128,64,1024,i16,baseline_final,32,32,32,4,8,4,4.43255
128x64x1024_i16,K_scaling,128,64,1024,i16,baseline_final,32,32,32,4,8,5,5.96842
128x64x1024_i16,K_scaling,128,64,1024,i16,baseline_final,32,32,32,4,8,6,6.31672
128x64x1024_i16,K_scaling,128,64,1024,i16,baseline_final,32,32,32,4,8,7,4.53929
128x64x1024_i16,K_scaling,128,64,1024,i16,baseline_final,32,32,32,4,8,8,3.79232
128x64x1024_i16,K_scaling,128,64,1024,i16,baseline_final,32,32,32,4,8,9,3.65676
128x64x1024_i16,K_scaling,128,64,1024,i16,baseline_final,32,32,32,4,8,10,5.19579
128x64x1024_i16,K_scaling,128,64,1024,i16,baseline_final,32,32,32,4,8,11,3.6496
128x64x1024_i16,K_scaling,128,64,1024,i16,baseline_final,32,32,32,4,8,12,6.20001
128x64x1024_i16,K_scaling,128,64,1024,i16,baseline_final,32,32,32,4,8,13,5.78724
128x64x1024_i16,K_scaling,128,64,1024,i16,baseline_final,32,32,32,4,8,14,3.82256
128x64x1024_i16,K_scaling,128,64,1024,i16,baseline_final,32,32,32,4,8,15,6.38645
128x64x1024_i16,K_scaling,128,64,1024,i16,baseline_final,32,32,32,4,8,16,4.0672
128x64x1024_i16,K_scaling,128,64,1024,i16,baseline_final,32,32,32,4,8,17,4.02814
128x64x1024_i16,K_scaling,128,64,1024,i16,baseline_final,32,32,32,4,8,18,3.37095
128x64x1024_i16,K_scaling,128,64,1024,i16,baseline_final,32,32,32,4,8,19,5.91789
128x64x1024_i16,K_scaling,128,64,1024,i16,baseline_final,32,32,32,4,8,20,6.15226
128x64x1024_i16,K_scaling,128,64,1024,i16,optimized_final,32,32,128,2,8,1,9.68661
128x64x1024_i16,K_scaling,128,64,1024,i16,optimized_final,32,32,128,2,8,2,6.34299
128x64x1024_i16,K_scaling,128,64,1024,i16,optimized_final,32,32,128,2,8,3,6.72703
128x64x1024_i16,K_scaling,128,64,1024,i16,optimized_final,32,32,128,2,8,4,9.25895
128x64x1024_i16,K_scaling,128,64,1024,i16,optimized_final,32,32,128,2,8,5,6.38889
128x64x1024_i16,K_scaling,128,64,1024,i16,optimized_final,32,32,128,2,8,6,7.01976
128x64x1024_i16,K_scaling,128,64,1024,i16,optimized_final,32,32,128,2,8,7,9.02001
128x64x1024_i16,K_scaling,128,64,1024,i16,optimized_final,32,32,128,2,8,8,5.54619
128x64x1024_i16,K_scaling,128,64,1024,i16,optimized_final,32,32,128,2,8,9,9.24874
128x64x1024_i16,K_scaling,128,64,1024,i16,optimized_final,32,32,128,2,8,10,5.61111
128x64x1024_i16,K_scaling,128,64,1024,i16,optimized_final,32,32,128,2,8,11,9.44131
128x64x1024_i16,K_scaling,128,64,1024,i16,optimized_final,32,32,128,2,8,12,5.68719
128x64x1024_i16,K_scaling,128,64,1024,i16,optimized_final,32,32,128,2,8,13,9.69221
128x64x1024_i16,K_scaling,128,64,1024,i16,optimized_final,32,32,128,2,8,14,5.83352
128x64x1024_i16,K_scaling,128,64,1024,i16,optimized_final,32,32,128,2,8,15,6.08752
128x64x1024_i16,K_scaling,128,64,1024,i16,optimized_final,32,32,128,2,8,16,6.46521
128x64x1024_i16,K_scaling,128,64,1024,i16,optimized_final,32,32,128,2,8,17,9.38323
128x64x1024_i16,K_scaling,128,64,1024,i16,optimized_final,32,32,128,2,8,18,9.48938
128x64x1024_i16,K_scaling,128,64,1024,i16,optimized_final,32,32,128,2,8,19,5.85592
128x64x1024_i16,K_scaling,128,64,1024,i16,optimized_final,32,32,128,2,8,20,9.24364
128x128x1024_i16,K_scaling;M_scaling,128,128,1024,i16,baseline_final,32,32,32,4,8,1,13.2731
128x128x1024_i16,K_scaling;M_scaling,128,128,1024,i16,baseline_final,32,32,32,4,8,2,6.56001
128x128x1024_i16,K_scaling;M_scaling,128,128,1024,i16,baseline_final,32,32,32,4,8,3,8.08735
128x128x1024_i16,K_scaling;M_scaling,128,128,1024,i16,baseline_final,32,32,32,4,8,4,12.7293
128x128x1024_i16,K_scaling;M_scaling,128,128,1024,i16,baseline_final,32,32,32,4,8,5,12.2372
128x128x1024_i16,K_scaling;M_scaling,128,128,1024,i16,baseline_final,32,32,32,4,8,6,11.7488
128x128x1024_i16,K_scaling;M_scaling,128,128,1024,i16,baseline_final,32,32,32,4,8,7,8.05049
128x128x1024_i16,K_scaling;M_scaling,128,128,1024,i16,baseline_final,32,32,32,4,8,8,11.903
128x128x1024_i16,K_scaling;M_scaling,128,128,1024,i16,baseline_final,32,32,32,4,8,9,8.39911
128x128x1024_i16,K_scaling;M_scaling,128,128,1024,i16,baseline_final,32,32,32,4,8,10,9.93322
128x128x1024_i16,K_scaling;M_scaling,128,128,1024,i16,baseline_final,32,32,32,4,8,11,7.84165
128x128x1024_i16,K_scaling;M_scaling,128,128,1024,i16,baseline_final,32,32,32,4,8,12,5.88571
128x128x1024_i16,K_scaling;M_scaling,128,128,1024,i16,baseline_final,32,32,32,4,8,13,12.3136
128x128x1024_i16,K_scaling;M_scaling,128,128,1024,i16,baseline_final,32,32,32,4,8,14,12.446
128x128x1024_i16,K_scaling;M_scaling,128,128,1024,i16,baseline_final,32,32,32,4,8,15,12.264
128x128x1024_i16,K_scaling;M_scaling,128,128,1024,i16,baseline_final,32,32,32,4,8,16,12.153
128x128x1024_i16,K_scaling;M_scaling,128,128,1024,i16,baseline_final,32,32,32,4,8,17,12.7973
128x128x1024_i16,K_scaling;M_scaling,128,128,1024,i16,baseline_final,32,32,32,4,8,18,8.88388
128x128x1024_i16,K_scaling;M_scaling,128,128,1024,i16,baseline_final,32,32,32,4,8,19,11.8609
128x128x1024_i16,K_scaling;M_scaling,128,128,1024,i16,baseline_final,32,32,32,4,8,20,8.52934
128x128x1024_i16,K_scaling;M_scaling,128,128,1024,i16,optimized_final,16,4,128,2,8,1,20.2135
128x128x1024_i16,K_scaling;M_scaling,128,128,1024,i16,optimized_final,16,4,128,2,8,2,18.4975
128x128x1024_i16,K_scaling;M_scaling,128,128,1024,i16,optimized_final,16,4,128,2,8,3,18.3157
128x128x1024_i16,K_scaling;M_scaling,128,128,1024,i16,optimized_final,16,4,128,2,8,4,19.0867
128x128x1024_i16,K_scaling;M_scaling,128,128,1024,i16,optimized_final,16,4,128,2,8,5,11.903
128x128x1024_i16,K_scaling;M_scaling,128,128,1024,i16,optimized_final,16,4,128,2,8,6,17.9917
128x128x1024_i16,K_scaling;M_scaling,128,128,1024,i16,optimized_final,16,4,128,2,8,7,11.0123
128x128x1024_i16,K_scaling;M_scaling,128,128,1024,i16,optimized_final,16,4,128,2,8,8,17.8197
128x128x1024_i16,K_scaling;M_scaling,128,128,1024,i16,optimized_final,16,4,128,2,8,9,18.011
128x128x1024_i16,K_scaling;M_scaling,128,128,1024,i16,optimized_final,16,4,128,2,8,10,17.8008
128x128x1024_i16,K_scaling;M_scaling,128,128,1024,i16,optimized_final,16,4,128,2,8,11,9.18293
128x128x1024_i16,K_scaling;M_scaling,128,128,1024,i16,optimized_final,16,4,128,2,8,12,10.852
128x128x1024_i16,K_scaling;M_scaling,128,128,1024,i16,optimized_final,16,4,128,2,8,13,18.011
128x128x1024_i16,K_scaling;M_scaling,128,128,1024,i16,optimized_final,16,4,128,2,8,14,18.3961
128x128x1024_i16,K_scaling;M_scaling,128,128,1024,i16,optimized_final,16,4,128,2,8,15,17.934
128x128x1024_i16,K_scaling;M_scaling,128,128,1024,i16,optimized_final,16,4,128,2,8,16,17.9628
128x128x1024_i16,K_scaling;M_scaling,128,128,1024,i16,optimized_final,16,4,128,2,8,17,17.982
128x128x1024_i16,K_scaling;M_scaling,128,128,1024,i16,optimized_final,16,4,128,2,8,18,17.5311
128x128x1024_i16,K_scaling;M_scaling,128,128,1024,i16,optimized_final,16,4,128,2,8,19,18.798
128x128x1024_i16,K_scaling;M_scaling,128,128,1024,i16,optimized_final,16,4,128,2,8,20,12.5625
128x256x1024_i16,K_scaling,128,256,1024,i16,baseline_final,32,32,32,4,8,1,23.514
128x256x1024_i16,K_scaling,128,256,1024,i16,baseline_final,32,32,32,4,8,2,14.1699
128x256x1024_i16,K_scaling,128,256,1024,i16,baseline_final,32,32,32,4,8,3,23.4482
128x256x1024_i16,K_scaling,128,256,1024,i16,baseline_final,32,32,32,4,8,4,23.4482
128x256x1024_i16,K_scaling,128,256,1024,i16,baseline_final,32,32,32,4,8,5,11.1218
128x256x1024_i16,K_scaling,128,256,1024,i16,baseline_final,32,32,32,4,8,6,23.7554
128x256x1024_i16,K_scaling,128,256,1024,i16,baseline_final,32,32,32,4,8,7,13.3656
128x256x1024_i16,K_scaling,128,256,1024,i16,baseline_final,32,32,32,4,8,8,19.4914
128x256x1024_i16,K_scaling,128,256,1024,i16,baseline_final,32,32,32,4,8,9,13.2679
128x256x1024_i16,K_scaling,128,256,1024,i16,baseline_final,32,32,32,4,8,10,14.5352
128x256x1024_i16,K_scaling,128,256,1024,i16,baseline_final,32,32,32,4,8,11,16.206
128x256x1024_i16,K_scaling,128,256,1024,i16,baseline_final,32,32,32,4,8,12,16.0317
128x256x1024_i16,K_scaling,128,256,1024,i16,baseline_final,32,32,32,4,8,13,15.7127
128x256x1024_i16,K_scaling,128,256,1024,i16,baseline_final,32,32,32,4,8,14,24.2445
128x256x1024_i16,K_scaling,128,256,1024,i16,baseline_final,32,32,32,4,8,15,18.7927
128x256x1024_i16,K_scaling,128,256,1024,i16,baseline_final,32,32,32,4,8,16,14.8471
128x256x1024_i16,K_scaling,128,256,1024,i16,baseline_final,32,32,32,4,8,17,24.7087
128x256x1024_i16,K_scaling,128,256,1024,i16,baseline_final,32,32,32,4,8,18,23.7469
128x256x1024_i16,K_scaling,128,256,1024,i16,baseline_final,32,32,32,4,8,19,23.9932
128x256x1024_i16,K_scaling,128,256,1024,i16,baseline_final,32,32,32,4,8,20,23.6133
128x256x1024_i16,K_scaling,128,256,1024,i16,optimized_final,16,32,128,2,8,1,34.3795
128x256x1024_i16,K_scaling,128,256,1024,i16,optimized_final,16,32,128,2,8,2,30.5179
128x256x1024_i16,K_scaling,128,256,1024,i16,optimized_final,16,32,128,2,8,3,38.1517
128x256x1024_i16,K_scaling,128,256,1024,i16,optimized_final,16,32,128,2,8,4,35.8105
128x256x1024_i16,K_scaling,128,256,1024,i16,optimized_final,16,32,128,2,8,5,36.4128
128x256x1024_i16,K_scaling,128,256,1024,i16,optimized_final,16,32,128,2,8,6,24.6181
128x256x1024_i16,K_scaling,128,256,1024,i16,optimized_final,16,32,128,2,8,7,19.802
128x256x1024_i16,K_scaling,128,256,1024,i16,optimized_final,16,32,128,2,8,8,36.6715
128x256x1024_i16,K_scaling,128,256,1024,i16,optimized_final,16,32,128,2,8,9,37.0562
128x256x1024_i16,K_scaling,128,256,1024,i16,optimized_final,16,32,128,2,8,10,36.5517
128x256x1024_i16,K_scaling,128,256,1024,i16,optimized_final,16,32,128,2,8,11,35.6962
128x256x1024_i16,K_scaling,128,256,1024,i16,optimized_final,16,32,128,2,8,12,36.1383
128x256x1024_i16,K_scaling,128,256,1024,i16,optimized_final,16,32,128,2,8,13,35.0255
128x256x1024_i16,K_scaling,128,256,1024,i16,optimized_final,16,32,128,2,8,14,22.3696
128x256x1024_i16,K_scaling,128,256,1024,i16,optimized_final,16,32,128,2,8,15,24.4744
128x256x1024_i16,K_scaling,128,256,1024,i16,optimized_final,16,32,128,2,8,16,28.7158
128x256x1024_i16,K_scaling,128,256,1024,i16,optimized_final,16,32,128,2,8,17,36.3143
128x256x1024_i16,K_scaling,128,256,1024,i16,optimized_final,16,32,128,2,8,18,36.7518
128x256x1024_i16,K_scaling,128,256,1024,i16,optimized_final,16,32,128,2,8,19,36.5517
128x256x1024_i16,K_scaling,128,256,1024,i16,optimized_final,16,32,128,2,8,20,36.7921
128x512x1024_i16,K_scaling,128,512,1024,i16,baseline_final,32,32,32,4,8,1,47.6287
128x512x1024_i16,K_scaling,128,512,1024,i16,baseline_final,32,32,32,4,8,2,26.7633
128x512x1024_i16,K_scaling,128,512,1024,i16,baseline_final,32,32,32,4,8,3,31.2716
128x512x1024_i16,K_scaling,128,512,1024,i16,baseline_final,32,32,32,4,8,4,42.0218
128x512x1024_i16,K_scaling,128,512,1024,i16,baseline_final,32,32,32,4,8,5,46.7984
128x512x1024_i16,K_scaling,128,512,1024,i16,baseline_final,32,32,32,4,8,6,29.2541
128x512x1024_i16,K_scaling,128,512,1024,i16,baseline_final,32,32,32,4,8,7,29.7468
128x512x1024_i16,K_scaling,128,512,1024,i16,baseline_final,32,32,32,4,8,8,46.831
128x512x1024_i16,K_scaling,128,512,1024,i16,baseline_final,32,32,32,4,8,9,26.6147
128x512x1024_i16,K_scaling,128,512,1024,i16,baseline_final,32,32,32,4,8,10,48.8597
128x512x1024_i16,K_scaling,128,512,1024,i16,baseline_final,32,32,32,4,8,11,47.2598
128x512x1024_i16,K_scaling,128,512,1024,i16,baseline_final,32,32,32,4,8,12,43.5489
128x512x1024_i16,K_scaling,128,512,1024,i16,baseline_final,32,32,32,4,8,13,34.5033
128x512x1024_i16,K_scaling,128,512,1024,i16,baseline_final,32,32,32,4,8,14,48.1412
128x512x1024_i16,K_scaling,128,512,1024,i16,baseline_final,32,32,32,4,8,15,47.3598
128x512x1024_i16,K_scaling,128,512,1024,i16,baseline_final,32,32,32,4,8,16,35.395
128x512x1024_i16,K_scaling,128,512,1024,i16,baseline_final,32,32,32,4,8,17,40.5247
128x512x1024_i16,K_scaling,128,512,1024,i16,baseline_final,32,32,32,4,8,18,46.6034
128x512x1024_i16,K_scaling,128,512,1024,i16,baseline_final,32,32,32,4,8,19,44.3548
128x512x1024_i16,K_scaling,128,512,1024,i16,baseline_final,32,32,32,4,8,20,44.7243
128x512x1024_i16,K_scaling,128,512,1024,i16,optimized_final,32,32,128,2,8,1,55.9008
128x512x1024_i16,K_scaling,128,512,1024,i16,optimized_final,32,32,128,2,8,2,49.0204
128x512x1024_i16,K_scaling,128,512,1024,i16,optimized_final,32,32,128,2,8,3,71.4684
128x512x1024_i16,K_scaling,128,512,1024,i16,optimized_final,32,32,128,2,8,4,56.5604
128x512x1024_i16,K_scaling,128,512,1024,i16,optimized_final,32,32,128,2,8,5,72.2766
128x512x1024_i16,K_scaling,128,512,1024,i16,optimized_final,32,32,128,2,8,6,72.8257
128x512x1024_i16,K_scaling,128,512,1024,i16,optimized_final,32,32,128,2,8,7,50.9752
128x512x1024_i16,K_scaling,128,512,1024,i16,optimized_final,32,32,128,2,8,8,71.0147
128x512x1024_i16,K_scaling,128,512,1024,i16,optimized_final,32,32,128,2,8,9,71.5065
128x512x1024_i16,K_scaling,128,512,1024,i16,optimized_final,32,32,128,2,8,10,70.2343
128x512x1024_i16,K_scaling,128,512,1024,i16,optimized_final,32,32,128,2,8,11,53.0925
128x512x1024_i16,K_scaling,128,512,1024,i16,optimized_final,32,32,128,2,8,12,67.2433
128x512x1024_i16,K_scaling,128,512,1024,i16,optimized_final,32,32,128,2,8,13,66.7418
128x512x1024_i16,K_scaling,128,512,1024,i16,optimized_final,32,32,128,2,8,14,48.2104
128x512x1024_i16,K_scaling,128,512,1024,i16,optimized_final,32,32,128,2,8,15,50.2312
128x512x1024_i16,K_scaling,128,512,1024,i16,optimized_final,32,32,128,2,8,16,71.8126
128x512x1024_i16,K_scaling,128,512,1024,i16,optimized_final,32,32,128,2,8,17,76.6958
128x512x1024_i16,K_scaling,128,512,1024,i16,optimized_final,32,32,128,2,8,18,66.6424
128x512x1024_i16,K_scaling,128,512,1024,i16,optimized_final,32,32,128,2,8,19,47.9692
128x512x1024_i16,K_scaling,128,512,1024,i16,optimized_final,32,32,128,2,8,20,73.4635
128x1024x128_i16,N_scaling,128,1024,128,i16,optimized_final,16,32,16,2,8,1,18.0303
128x1024x128_i16,N_scaling,128,1024,128,i16,optimized_final,16,32,16,2,8,2,12.1398
128x1024x128_i16,N_scaling,128,1024,128,i16,optimized_final,16,32,16,2,8,3,13.226
128x1024x128_i16,N_scaling,128,1024,128,i16,optimized_final,16,32,16,2,8,4,19.3509
128x1024x128_i16,N_scaling,128,1024,128,i16,optimized_final,16,32,16,2,8,5,18.777
128x1024x128_i16,N_scaling,128,1024,128,i16,optimized_final,16,32,16,2,8,6,17.9148
128x1024x128_i16,N_scaling,128,1024,128,i16,optimized_final,16,32,16,2,8,7,19.3175
128x1024x128_i16,N_scaling,128,1024,128,i16,optimized_final,16,32,16,2,8,8,18.777
128x1024x128_i16,N_scaling,128,1024,128,i16,optimized_final,16,32,16,2,8,9,16.408
128x1024x128_i16,N_scaling,128,1024,128,i16,optimized_final,16,32,16,2,8,10,18.3358
128x1024x128_i16,N_scaling,128,1024,128,i16,optimized_final,16,32,16,2,8,11,15.4629
128x1024x128_i16,N_scaling,128,1024,128,i16,optimized_final,16,32,16,2,8,12,16.9467
128x1024x128_i16,N_scaling,128,1024,128,i16,optimized_final,16,32,16,2,8,13,18.0497
128x1024x128_i16,N_scaling,128,1024,128,i16,optimized_final,16,32,16,2,8,14,14.401
128x1024x128_i16,N_scaling,128,1024,128,i16,optimized_final,16,32,16,2,8,15,18.0789
128x1024x128_i16,N_scaling,128,1024,128,i16,optimized_final,16,32,16,2,8,16,12.4784
128x1024x128_i16,N_scaling,128,1024,128,i16,optimized_final,16,32,16,2,8,17,17.1283
128x1024x128_i16,N_scaling,128,1024,128,i16,optimized_final,16,32,16,2,8,18,17.8386
128x1024x128_i16,N_scaling,128,1024,128,i16,optimized_final,16,32,16,2,8,19,17.7537
128x1024x128_i16,N_scaling,128,1024,128,i16,optimized_final,16,32,16,2,8,20,19.3956
128x1024x256_i16,N_scaling,128,1024,256,i16,baseline_final,32,32,32,4,8,1,24.5012
128x1024x256_i16,N_scaling,128,1024,256,i16,baseline_final,32,32,32,4,8,2,19.4857
128x1024x256_i16,N_scaling,128,1024,256,i16,baseline_final,32,32,32,4,8,3,16.5089
128x1024x256_i16,N_scaling,128,1024,256,i16,baseline_final,32,32,32,4,8,4,17.2961
128x1024x256_i16,N_scaling,128,1024,256,i16,baseline_final,32,32,32,4,8,5,14.3887
128x1024x256_i16,N_scaling,128,1024,256,i16,baseline_final,32,32,32,4,8,6,23.173
128x1024x256_i16,N_scaling,128,1024,256,i16,baseline_final,32,32,32,4,8,7,17.0025
128x1024x256_i16,N_scaling,128,1024,256,i16,baseline_final,32,32,32,4,8,8,14.2059
128x1024x256_i16,N_scaling,128,1024,256,i16,baseline_final,32,32,32,4,8,9,14.8734
128x1024x256_i16,N_scaling,128,1024,256,i16,baseline_final,32,32,32,4,8,10,15.5273
128x1024x256_i16,N_scaling,128,1024,256,i16,baseline_final,32,32,32,4,8,11,21.3383
128x1024x256_i16,N_scaling,128,1024,256,i16,baseline_final,32,32,32,4,8,12,24.0534
128x1024x256_i16,N_scaling,128,1024,256,i16,baseline_final,32,32,32,4,8,13,23.5222
128x1024x256_i16,N_scaling,128,1024,256,i16,baseline_final,32,32,32,4,8,14,24.0017
128x1024x256_i16,N_scaling,128,1024,256,i16,baseline_final,32,32,32,4,8,15,14.3273
128x1024x256_i16,N_scaling,128,1024,256,i16,baseline_final,32,32,32,4,8,16,23.0615
128x1024x256_i16,N_scaling,128,1024,256,i16,baseline_final,32,32,32,4,8,17,23.6549
128x1024x256_i16,N_scaling,128,1024,256,i16,baseline_final,32,32,32,4,8,18,23.6133
128x1024x256_i16,N_scaling,128,1024,256,i16,baseline_final,32,32,32,4,8,19,23.9418
128x1024x256_i16,N_scaling,128,1024,256,i16,baseline_final,32,32,32,4,8,20,23.6632
128x1024x256_i16,N_scaling,128,1024,256,i16,optimized_final,32,64,32,2,8,1,24.6
128x1024x256_i16,N_scaling,128,1024,256,i16,optimized_final,32,64,32,2,8,2,34.989
128x1024x256_i16,N_scaling,128,1024,256,i16,optimized_final,32,64,32,2,8,3,39.8745
128x1024x256_i16,N_scaling,128,1024,256,i16,optimized_final,32,64,32,2,8,4,25.3241
128x1024x256_i16,N_scaling,128,1024,256,i16,optimized_final,32,64,32,2,8,5,26.5672
128x1024x256_i16,N_scaling,128,1024,256,i16,optimized_final,32,64,32,2,8,6,27.962
128x1024x256_i16,N_scaling,128,1024,256,i16,optimized_final,32,64,32,2,8,7,23.1171
128x1024x256_i16,N_scaling,128,1024,256,i16,optimized_final,32,64,32,2,8,8,35.3577
128x1024x256_i16,N_scaling,128,1024,256,i16,optimized_final,32,64,32,2,8,9,37.0154
128x1024x256_i16,N_scaling,128,1024,256,i16,optimized_final,32,64,32,2,8,10,38.4799
128x1024x256_i16,N_scaling,128,1024,256,i16,optimized_final,32,64,32,2,8,11,36.2555
128x1024x256_i16,N_scaling,128,1024,256,i16,optimized_final,32,64,32,2,8,12,37.979
128x1024x256_i16,N_scaling,128,1024,256,i16,optimized_final,32,64,32,2,8,13,38.5019
128x1024x256_i16,N_scaling,128,1024,256,i16,optimized_final,32,64,32,2,8,14,35.7342
128x1024x256_i16,N_scaling,128,1024,256,i16,optimized_final,32,64,32,2,8,15,28.8392
128x1024x256_i16,N_scaling,128,1024,256,i16,optimized_final,32,64,32,2,8,16,36.9746
128x1024x256_i16,N_scaling,128,1024,256,i16,optimized_final,32,64,32,2,8,17,35.8488
128x1024x256_i16,N_scaling,128,1024,256,i16,optimized_final,32,64,32,2,8,18,33.1566
128x1024x256_i16,N_scaling,128,1024,256,i16,optimized_final,32,64,32,2,8,19,36.0413
128x1024x256_i16,N_scaling,128,1024,256,i16,optimized_final,32,64,32,2,8,20,35.3205
128x1024x512_i16,N_scaling,128,1024,512,i16,baseline_final,32,32,32,4,8,1,48.2971
128x1024x512_i16,N_scaling,128,1024,512,i16,baseline_final,32,32,32,4,8,2,34.6547
128x1024x512_i16,N_scaling,128,1024,512,i16,baseline_final,32,32,32,4,8,3,46.571
128x1024x512_i16,N_scaling,128,1024,512,i16,baseline_final,32,32,32,4,8,4,34.7264
128x1024x512_i16,N_scaling,128,1024,512,i16,baseline_final,32,32,32,4,8,5,46.9129
128x1024x512_i16,N_scaling,128,1024,512,i16,baseline_final,32,32,32,4,8,6,47.3933
128x1024x512_i16,N_scaling,128,1024,512,i16,baseline_final,32,32,32,4,8,7,47.41
128x1024x512_i16,N_scaling,128,1024,512,i16,baseline_final,32,32,32,4,8,8,47.1767
128x1024x512_i16,N_scaling,128,1024,512,i16,baseline_final,32,32,32,4,8,9,46.571
128x1024x512_i16,N_scaling,128,1024,512,i16,baseline_final,32,32,32,4,8,10,50.3065
128x1024x512_i16,N_scaling,128,1024,512,i16,baseline_final,32,32,32,4,8,11,37.691
128x1024x512_i16,N_scaling,128,1024,512,i16,baseline_final,32,32,32,4,8,12,47.3264
128x1024x512_i16,N_scaling,128,1024,512,i16,baseline_final,32,32,32,4,8,13,47.3765
128x1024x512_i16,N_scaling,128,1024,512,i16,baseline_final,32,32,32,4,8,14,41.0452
128x1024x512_i16,N_scaling,128,1024,512,i16,baseline_final,32,32,32,4,8,15,46.7007
128x1024x512_i16,N_scaling,128,1024,512,i16,baseline_final,32,32,32,4,8,16,39.3831
128x1024x512_i16,N_scaling,128,1024,512,i16,baseline_final,32,32,32,4,8,17,25.991
128x1024x512_i16,N_scaling,128,1024,512,i16,baseline_final,32,32,32,4,8,18,47.6795
128x1024x512_i16,N_scaling,128,1024,512,i16,baseline_final,32,32,32,4,8,19,47.6964
128x1024x512_i16,N_scaling,128,1024,512,i16,baseline_final,32,32,32,4,8,20,47.8665
128x1024x512_i16,N_scaling,128,1024,512,i16,optimized_final,32,64,64,2,8,1,62.5432
128x1024x512_i16,N_scaling,128,1024,512,i16,optimized_final,32,64,64,2,8,2,72.4718
128x1024x512_i16,N_scaling,128,1024,512,i16,optimized_final,32,64,64,2,8,3,50.0252
128x1024x512_i16,N_scaling,128,1024,512,i16,optimized_final,32,64,64,2,8,4,70.7899
128x1024x512_i16,N_scaling,128,1024,512,i16,optimized_final,32,64,64,2,8,5,71.6592
128x1024x512_i16,N_scaling,128,1024,512,i16,optimized_final,32,64,64,2,8,6,73.9899
128x1024x512_i16,N_scaling,128,1024,512,i16,optimized_final,32,64,64,2,8,7,70.7899
128x1024x512_i16,N_scaling,128,1024,512,i16,optimized_final,32,64,64,2,8,8,72.1213
128x1024x512_i16,N_scaling,128,1024,512,i16,optimized_final,32,64,64,2,8,9,75.3609
128x1024x512_i16,N_scaling,128,1024,512,i16,optimized_final,32,64,64,2,8,10,63.191
128x1024x512_i16,N_scaling,128,1024,512,i16,optimized_final,32,64,64,2,8,11,75.1499
128x1024x512_i16,N_scaling,128,1024,512,i16,optimized_final,32,64,64,2,8,12,78.3067
128x1024x512_i16,N_scaling,128,1024,512,i16,optimized_final,32,64,64,2,8,13,76.1735
128x1024x512_i16,N_scaling,128,1024,512,i16,optimized_final,32,64,64,2,8,14,74.8148
128x1024x512_i16,N_scaling,128,1024,512,i16,optimized_final,32,64,64,2,8,15,56.323
128x1024x512_i16,N_scaling,128,1024,512,i16,optimized_final,32,64,64,2,8,16,60.4312
128x1024x512_i16,N_scaling,128,1024,512,i16,optimized_final,32,64,64,2,8,17,52.8833
128x1024x512_i16,N_scaling,128,1024,512,i16,optimized_final,32,64,64,2,8,18,69.2201
128x1024x512_i16,N_scaling,128,1024,512,i16,optimized_final,32,64,64,2,8,19,73.4635
128x1024x512_i16,N_scaling,128,1024,512,i16,optimized_final,32,64,64,2,8,20,57.8275
128x1024x1024_i16,N_scaling;K_scaling,128,1024,1024,i16,baseline_final,32,32,32,4,8,1,102.77
128x1024x1024_i16,N_scaling;K_scaling,128,1024,1024,i16,baseline_final,32,32,32,4,8,2,94.4198
128x1024x1024_i16,N_scaling;K_scaling,128,1024,1024,i16,baseline_final,32,32,32,4,8,3,89.9884
128x1024x1024_i16,N_scaling;K_scaling,128,1024,1024,i16,baseline_final,32,32,32,4,8,4,93.8586
128x1024x1024_i16,N_scaling;K_scaling,128,1024,1024,i16,baseline_final,32,32,32,4,8,5,92.9164
128x1024x1024_i16,N_scaling;K_scaling,128,1024,1024,i16,baseline_final,32,32,32,4,8,6,87.4098
128x1024x1024_i16,N_scaling;K_scaling,128,1024,1024,i16,baseline_final,32,32,32,4,8,7,96.1445
128x1024x1024_i16,N_scaling;K_scaling,128,1024,1024,i16,baseline_final,32,32,32,4,8,8,93.9242
128x1024x1024_i16,N_scaling;K_scaling,128,1024,1024,i16,baseline_final,32,32,32,4,8,9,90.0488
128x1024x1024_i16,N_scaling;K_scaling,128,1024,1024,i16,baseline_final,32,32,32,4,8,10,94.1879
128x1024x1024_i16,N_scaling;K_scaling,128,1024,1024,i16,baseline_final,32,32,32,4,8,11,66.3459
128x1024x1024_i16,N_scaling;K_scaling,128,1024,1024,i16,baseline_final,32,32,32,4,8,12,92.8842
128x1024x1024_i16,N_scaling;K_scaling,128,1024,1024,i16,baseline_final,32,32,32,4,8,13,93.6947
128x1024x1024_i16,N_scaling;K_scaling,128,1024,1024,i16,baseline_final,32,32,32,4,8,14,94.2871
128x1024x1024_i16,N_scaling;K_scaling,128,1024,1024,i16,baseline_final,32,32,32,4,8,15,92.3411
128x1024x1024_i16,N_scaling;K_scaling,128,1024,1024,i16,baseline_final,32,32,32,4,8,16,96.9081
128x1024x1024_i16,N_scaling;K_scaling,128,1024,1024,i16,baseline_final,32,32,32,4,8,17,94.9878
128x1024x1024_i16,N_scaling;K_scaling,128,1024,1024,i16,baseline_final,32,32,32,4,8,18,89.8679
128x1024x1024_i16,N_scaling;K_scaling,128,1024,1024,i16,baseline_final,32,32,32,4,8,19,93.2068
128x1024x1024_i16,N_scaling;K_scaling,128,1024,1024,i16,baseline_final,32,32,32,4,8,20,57.6537
128x1024x1024_i16,N_scaling;K_scaling,128,1024,1024,i16,optimized_final,32,32,128,2,8,1,94.7196
128x1024x1024_i16,N_scaling;K_scaling,128,1024,1024,i16,optimized_final,32,32,128,2,8,2,138.87
128x1024x1024_i16,N_scaling;K_scaling,128,1024,1024,i16,optimized_final,32,32,128,2,8,3,145.968
128x1024x1024_i16,N_scaling;K_scaling,128,1024,1024,i16,optimized_final,32,32,128,2,8,4,134.96
128x1024x1024_i16,N_scaling;K_scaling,128,1024,1024,i16,optimized_final,32,32,128,2,8,5,142.785
128x1024x1024_i16,N_scaling;K_scaling,128,1024,1024,i16,optimized_final,32,32,128,2,8,6,142.709
128x1024x1024_i16,N_scaling;K_scaling,128,1024,1024,i16,optimized_final,32,32,128,2,8,7,143.242
128x1024x1024_i16,N_scaling;K_scaling,128,1024,1024,i16,optimized_final,32,32,128,2,8,8,142.785
128x1024x1024_i16,N_scaling;K_scaling,128,1024,1024,i16,optimized_final,32,32,128,2,8,9,94.5195
128x1024x1024_i16,N_scaling;K_scaling,128,1024,1024,i16,optimized_final,32,32,128,2,8,10,101.488
128x1024x1024_i16,N_scaling;K_scaling,128,1024,1024,i16,optimized_final,32,32,128,2,8,11,104.247
128x1024x1024_i16,N_scaling;K_scaling,128,1024,1024,i16,optimized_final,32,32,128,2,8,12,141.954
128x1024x1024_i16,N_scaling;K_scaling,128,1024,1024,i16,optimized_final,32,32,128,2,8,13,143.779
128x1024x1024_i16,N_scaling;K_scaling,128,1024,1024,i16,optimized_final,32,32,128,2,8,14,148.965
128x1024x1024_i16,N_scaling;K_scaling,128,1024,1024,i16,optimized_final,32,32,128,2,8,15,81.915
128x1024x1024_i16,N_scaling;K_scaling,128,1024,1024,i16,optimized_final,32,32,128,2,8,16,100.954
128x1024x1024_i16,N_scaling;K_scaling,128,1024,1024,i16,optimized_final,32,32,128,2,8,17,142.482
128x1024x1024_i16,N_scaling;K_scaling,128,1024,1024,i16,optimized_final,32,32,128,2,8,18,136.331
128x1024x1024_i16,N_scaling;K_scaling,128,1024,1024,i16,optimized_final,32,32,128,2,8,19,141.804
128x1024x1024_i16,N_scaling;K_scaling,128,1024,1024,i16,optimized_final,32,32,128,2,8,20,103.523
128x1024x2048_i16,N_scaling,128,1024,2048,i16,baseline_final,32,32,32,4,8,1,147.048
128x1024x2048_i16,N_scaling,128,1024,2048,i16,baseline_final,32,32,32,4,8,2,177.361
128x1024x2048_i16,N_scaling,128,1024,2048,i16,baseline_final,32,32,32,4,8,3,173.857
128x1024x2048_i16,N_scaling,128,1024,2048,i16,baseline_final,32,32,32,4,8,4,108.196
128x1024x2048_i16,N_scaling,128,1024,2048,i16,baseline_final,32,32,32,4,8,5,175.735
128x1024x2048_i16,N_scaling,128,1024,2048,i16,baseline_final,32,32,32,4,8,6,175.62
128x1024x2048_i16,N_scaling,128,1024,2048,i16,baseline_final,32,32,32,4,8,7,177.713
128x1024x2048_i16,N_scaling,128,1024,2048,i16,baseline_final,32,32,32,4,8,8,179.977
128x1024x2048_i16,N_scaling,128,1024,2048,i16,baseline_final,32,32,32,4,8,9,177.537
128x1024x2048_i16,N_scaling,128,1024,2048,i16,baseline_final,32,32,32,4,8,10,178.185
128x1024x2048_i16,N_scaling,128,1024,2048,i16,baseline_final,32,32,32,4,8,11,181.192
128x1024x2048_i16,N_scaling,128,1024,2048,i16,baseline_final,32,32,32,4,8,12,179.736
128x1024x2048_i16,N_scaling,128,1024,2048,i16,baseline_final,32,32,32,4,8,13,177.478
128x1024x2048_i16,N_scaling,128,1024,2048,i16,baseline_final,32,32,32,4,8,14,169.467
128x1024x2048_i16,N_scaling,128,1024,2048,i16,baseline_final,32,32,32,4,8,15,175.735
128x1024x2048_i16,N_scaling,128,1024,2048,i16,baseline_final,32,32,32,4,8,16,177.831
128x1024x2048_i16,N_scaling,128,1024,2048,i16,baseline_final,32,32,32,4,8,17,179.555
128x1024x2048_i16,N_scaling,128,1024,2048,i16,baseline_final,32,32,32,4,8,18,154.14
128x1024x2048_i16,N_scaling,128,1024,2048,i16,baseline_final,32,32,32,4,8,19,179.616
128x1024x2048_i16,N_scaling,128,1024,2048,i16,baseline_final,32,32,32,4,8,20,178.244
128x1024x2048_i16,N_scaling,128,1024,2048,i16,optimized_final,16,16,256,2,8,1,255.531
128x1024x2048_i16,N_scaling,128,1024,2048,i16,optimized_final,16,16,256,2,8,2,255.897
128x1024x2048_i16,N_scaling,128,1024,2048,i16,optimized_final,16,16,256,2,8,3,268.301
128x1024x2048_i16,N_scaling,128,1024,2048,i16,optimized_final,16,16,256,2,8,4,252.289
128x1024x2048_i16,N_scaling,128,1024,2048,i16,optimized_final,16,16,256,2,8,5,275.601
128x1024x2048_i16,N_scaling,128,1024,2048,i16,optimized_final,16,16,256,2,8,6,181.437
128x1024x2048_i16,N_scaling,128,1024,2048,i16,optimized_final,16,16,256,2,8,7,261.506
128x1024x2048_i16,N_scaling,128,1024,2048,i16,optimized_final,16,16,256,2,8,8,273.495
128x1024x2048_i16,N_scaling,128,1024,2048,i16,optimized_final,16,16,256,2,8,9,264.991
128x1024x2048_i16,N_scaling,128,1024,2048,i16,optimized_final,16,16,256,2,8,10,267.233
128x1024x2048_i16,N_scaling,128,1024,2048,i16,optimized_final,16,16,256,2,8,11,269.92
128x1024x2048_i16,N_scaling,128,1024,2048,i16,optimized_final,16,16,256,2,8,12,262.272
128x1024x2048_i16,N_scaling,128,1024,2048,i16,optimized_final,16,16,256,2,8,13,268.167
128x1024x2048_i16,N_scaling,128,1024,2048,i16,optimized_final,16,16,256,2,8,14,267.1
128x1024x2048_i16,N_scaling,128,1024,2048,i16,optimized_final,16,16,256,2,8,15,277.166
128x1024x2048_i16,N_scaling,128,1024,2048,i16,optimized_final,16,16,256,2,8,16,269.514
128x1024x2048_i16,N_scaling,128,1024,2048,i16,optimized_final,16,16,256,2,8,17,260.364
128x1024x2048_i16,N_scaling,128,1024,2048,i16,optimized_final,16,16,256,2,8,18,267.233
128x1024x2048_i16,N_scaling,128,1024,2048,i16,optimized_final,16,16,256,2,8,19,267.9
128x1024x2048_i16,N_scaling,128,1024,2048,i16,optimized_final,16,16,256,2,8,20,260.87
128x1024x4096_i16,N_scaling,128,1024,4096,i16,baseline_final,32,32,32,4,8,1,326.068
128x1024x4096_i16,N_scaling,128,1024,4096,i16,baseline_final,32,32,32,4,8,2,329.672
128x1024x4096_i16,N_scaling,128,1024,4096,i16,baseline_final,32,32,32,4,8,3,324.295
128x1024x4096_i16,N_scaling,128,1024,4096,i16,baseline_final,32,32,32,4,8,4,329.875
128x1024x4096_i16,N_scaling,128,1024,4096,i16,baseline_final,32,32,32,4,8,5,327.36
128x1024x4096_i16,N_scaling,128,1024,4096,i16,baseline_final,32,32,32,4,8,6,325.672
128x1024x4096_i16,N_scaling,128,1024,4096,i16,baseline_final,32,32,32,4,8,7,328.161
128x1024x4096_i16,N_scaling,128,1024,4096,i16,baseline_final,32,32,32,4,8,8,324.884
128x1024x4096_i16,N_scaling,128,1024,4096,i16,baseline_final,32,32,32,4,8,9,327.36
128x1024x4096_i16,N_scaling,128,1024,4096,i16,baseline_final,32,32,32,4,8,10,320.903
128x1024x4096_i16,N_scaling,128,1024,4096,i16,baseline_final,32,32,32,4,8,11,327.261
128x1024x4096_i16,N_scaling,128,1024,4096,i16,baseline_final,32,32,32,4,8,12,325.179
128x1024x4096_i16,N_scaling,128,1024,4096,i16,baseline_final,32,32,32,4,8,13,324.002
128x1024x4096_i16,N_scaling,128,1024,4096,i16,baseline_final,32,32,32,4,8,14,324.589
128x1024x4096_i16,N_scaling,128,1024,4096,i16,baseline_final,32,32,32,4,8,15,321.095
128x1024x4096_i16,N_scaling,128,1024,4096,i16,baseline_final,32,32,32,4,8,16,323.806
128x1024x4096_i16,N_scaling,128,1024,4096,i16,baseline_final,32,32,32,4,8,17,319.947
128x1024x4096_i16,N_scaling,128,1024,4096,i16,baseline_final,32,32,32,4,8,18,335.125
128x1024x4096_i16,N_scaling,128,1024,4096,i16,baseline_final,32,32,32,4,8,19,329.066
128x1024x4096_i16,N_scaling,128,1024,4096,i16,baseline_final,32,32,32,4,8,20,329.167
128x1024x4096_i16,N_scaling,128,1024,4096,i16,optimized_final,8,8,512,2,8,1,379.817
128x1024x4096_i16,N_scaling,128,1024,4096,i16,optimized_final,8,8,512,2,8,2,386.655
128x1024x4096_i16,N_scaling,128,1024,4096,i16,optimized_final,8,8,512,2,8,3,382.659
128x1024x4096_i16,N_scaling,128,1024,4096,i16,optimized_final,8,8,512,2,8,4,390.31
128x1024x4096_i16,N_scaling,128,1024,4096,i16,optimized_final,8,8,512,2,8,5,388.755
128x1024x4096_i16,N_scaling,128,1024,4096,i16,optimized_final,8,8,512,2,8,6,392.306
128x1024x4096_i16,N_scaling,128,1024,4096,i16,optimized_final,8,8,512,2,8,7,399.606
128x1024x4096_i16,N_scaling,128,1024,4096,i16,optimized_final,8,8,512,2,8,8,353.321
128x1024x4096_i16,N_scaling,128,1024,4096,i16,optimized_final,8,8,512,2,8,9,384.028
128x1024x4096_i16,N_scaling,128,1024,4096,i16,optimized_final,8,8,512,2,8,10,387.913
128x1024x4096_i16,N_scaling,128,1024,4096,i16,optimized_final,8,8,512,2,8,11,401.399
128x1024x4096_i16,N_scaling,128,1024,4096,i16,optimized_final,8,8,512,2,8,12,404.88
128x1024x4096_i16,N_scaling,128,1024,4096,i16,optimized_final,8,8,512,2,8,13,400.5
128x1024x4096_i16,N_scaling,128,1024,4096,i16,optimized_final,8,8,512,2,8,14,402.301
128x1024x4096_i16,N_scaling,128,1024,4096,i16,optimized_final,8,8,512,2,8,15,382.523
128x1024x4096_i16,N_scaling,128,1024,4096,i16,optimized_final,8,8,512,2,8,16,301.105
128x1024x4096_i16,N_scaling,128,1024,4096,i16,optimized_final,8,8,512,2,8,17,390.594
128x1024x4096_i16,N_scaling,128,1024,4096,i16,optimized_final,8,8,512,2,8,18,396.507
128x1024x4096_i16,N_scaling,128,1024,4096,i16,optimized_final,8,8,512,2,8,19,406.72
128x1024x4096_i16,N_scaling,128,1024,4096,i16,optimized_final,8,8,512,2,8,20,385.268
128x2048x1024_i16,K_scaling,128,2048,1024,i16,baseline_final,32,32,32,4,8,1,139.266
128x2048x1024_i16,K_scaling,128,2048,1024,i16,baseline_final,32,32,32,4,8,2,183.42
128x2048x1024_i16,K_scaling,128,2048,1024,i16,baseline_final,32,32,32,4,8,3,185.128
128x2048x1024_i16,K_scaling,128,2048,1024,i16,baseline_final,32,32,32,4,8,4,180.158
128x2048x1024_i16,K_scaling,128,2048,1024,i16,baseline_final,32,32,32,4,8,5,138.12
128x2048x1024_i16,K_scaling,128,2048,1024,i16,baseline_final,32,32,32,4,8,6,186.09
128x2048x1024_i16,K_scaling,128,2048,1024,i16,baseline_final,32,32,32,4,8,7,178.6
128x2048x1024_i16,K_scaling,128,2048,1024,i16,baseline_final,32,32,32,4,8,8,184.873
128x2048x1024_i16,K_scaling,128,2048,1024,i16,baseline_final,32,32,32,4,8,9,185.768
128x2048x1024_i16,K_scaling,128,2048,1024,i16,baseline_final,32,32,32,4,8,10,185.512
128x2048x1024_i16,K_scaling,128,2048,1024,i16,baseline_final,32,32,32,4,8,11,186.284
128x2048x1024_i16,K_scaling,128,2048,1024,i16,baseline_final,32,32,32,4,8,12,180.886
128x2048x1024_i16,K_scaling,128,2048,1024,i16,baseline_final,32,32,32,4,8,13,186.543
128x2048x1024_i16,K_scaling,128,2048,1024,i16,baseline_final,32,32,32,4,8,14,181.008
128x2048x1024_i16,K_scaling,128,2048,1024,i16,baseline_final,32,32,32,4,8,15,186.414
128x2048x1024_i16,K_scaling,128,2048,1024,i16,baseline_final,32,32,32,4,8,16,181.621
128x2048x1024_i16,K_scaling,128,2048,1024,i16,baseline_final,32,32,32,4,8,17,181.99
128x2048x1024_i16,K_scaling,128,2048,1024,i16,baseline_final,32,32,32,4,8,18,186.803
128x2048x1024_i16,K_scaling,128,2048,1024,i16,baseline_final,32,32,32,4,8,19,183.923
128x2048x1024_i16,K_scaling,128,2048,1024,i16,baseline_final,32,32,32,4,8,20,179.856
128x2048x1024_i16,K_scaling,128,2048,1024,i16,optimized_final,32,32,128,2,8,1,275.743
128x2048x1024_i16,K_scaling,128,2048,1024,i16,optimized_final,32,32,128,2,8,2,184.873
128x2048x1024_i16,K_scaling,128,2048,1024,i16,optimized_final,32,32,128,2,8,3,271.971
128x2048x1024_i16,K_scaling,128,2048,1024,i16,optimized_final,32,32,128,2,8,4,278.46
128x2048x1024_i16,K_scaling,128,2048,1024,i16,optimized_final,32,32,128,2,8,5,286.026
128x2048x1024_i16,K_scaling,128,2048,1024,i16,optimized_final,32,32,128,2,8,6,291.303
128x2048x1024_i16,K_scaling,128,2048,1024,i16,optimized_final,32,32,128,2,8,7,270.328
128x2048x1024_i16,K_scaling,128,2048,1024,i16,optimized_final,32,32,128,2,8,8,234.646
128x2048x1024_i16,K_scaling,128,2048,1024,i16,optimized_final,32,32,128,2,8,9,242.27
128x2048x1024_i16,K_scaling,128,2048,1024,i16,optimized_final,32,32,128,2,8,10,278.46
128x2048x1024_i16,K_scaling,128,2048,1024,i16,optimized_final,32,32,128,2,8,11,206.489
128x2048x1024_i16,K_scaling,128,2048,1024,i16,optimized_final,32,32,128,2,8,12,263.689
128x2048x1024_i16,K_scaling,128,2048,1024,i16,optimized_final,32,32,128,2,8,13,264.208
128x2048x1024_i16,K_scaling,128,2048,1024,i16,optimized_final,32,32,128,2,8,14,144.243
128x2048x1024_i16,K_scaling,128,2048,1024,i16,optimized_final,32,32,128,2,8,15,266.702
128x2048x1024_i16,K_scaling,128,2048,1024,i16,optimized_final,32,32,128,2,8,16,270.873
128x2048x1024_i16,K_scaling,128,2048,1024,i16,optimized_final,32,32,128,2,8,17,271.971
128x2048x1024_i16,K_scaling,128,2048,1024,i16,optimized_final,32,32,128,2,8,18,260.238
128x2048x1024_i16,K_scaling,128,2048,1024,i16,optimized_final,32,32,128,2,8,19,279.329
128x2048x1024_i16,K_scaling,128,2048,1024,i16,optimized_final,32,32,128,2,8,20,289.887
128x4096x1024_i16,K_scaling,128,4096,1024,i16,baseline_final,32,32,32,4,8,1,318.146
128x4096x1024_i16,K_scaling,128,4096,1024,i16,baseline_final,32,32,32,4,8,2,316.458
128x4096x1024_i16,K_scaling,128,4096,1024,i16,baseline_final,32,32,32,4,8,3,254.08
128x4096x1024_i16,K_scaling,128,4096,1024,i16,baseline_final,32,32,32,4,8,4,327.061
128x4096x1024_i16,K_scaling,128,4096,1024,i16,baseline_final,32,32,32,4,8,5,336.491
128x4096x1024_i16,K_scaling,128,4096,1024,i16,baseline_final,32,32,32,4,8,6,323.319
128x4096x1024_i16,K_scaling,128,4096,1024,i16,baseline_final,32,32,32,4,8,7,331.811
128x4096x1024_i16,K_scaling,128,4096,1024,i16,baseline_final,32,32,32,4,8,8,332.737
128x4096x1024_i16,K_scaling,128,4096,1024,i16,baseline_final,32,32,32,4,8,9,336.28
128x4096x1024_i16,K_scaling,128,4096,1024,i16,baseline_final,32,32,32,4,8,10,321.962
128x4096x1024_i16,K_scaling,128,4096,1024,i16,baseline_final,32,32,32,4,8,11,334.291
128x4096x1024_i16,K_scaling,128,4096,1024,i16,baseline_final,32,32,32,4,8,12,333.771
128x4096x1024_i16,K_scaling,128,4096,1024,i16,baseline_final,32,32,32,4,8,13,332.737
128x4096x1024_i16,K_scaling,128,4096,1024,i16,baseline_final,32,32,32,4,8,14,346.928
128x4096x1024_i16,K_scaling,128,4096,1024,i16,baseline_final,32,32,32,4,8,15,331.709
128x4096x1024_i16,K_scaling,128,4096,1024,i16,baseline_final,32,32,32,4,8,16,322.736
128x4096x1024_i16,K_scaling,128,4096,1024,i16,baseline_final,32,32,32,4,8,17,321.769
128x4096x1024_i16,K_scaling,128,4096,1024,i16,baseline_final,32,32,32,4,8,18,324.589
128x4096x1024_i16,K_scaling,128,4096,1024,i16,baseline_final,32,32,32,4,8,19,323.904
128x4096x1024_i16,K_scaling,128,4096,1024,i16,baseline_final,32,32,32,4,8,20,333.875
128x4096x1024_i16,K_scaling,128,4096,1024,i16,optimized_final,16,64,128,2,8,1,509.365
128x4096x1024_i16,K_scaling,128,4096,1024,i16,optimized_final,16,64,128,2,8,2,482.581
128x4096x1024_i16,K_scaling,128,4096,1024,i16,optimized_final,16,64,128,2,8,3,498.951
128x4096x1024_i16,K_scaling,128,4096,1024,i16,optimized_final,16,64,128,2,8,4,502.218
128x4096x1024_i16,K_scaling,128,4096,1024,i16,optimized_final,16,64,128,2,8,5,518.967
128x4096x1024_i16,K_scaling,128,4096,1024,i16,optimized_final,16,64,128,2,8,6,497.794
128x4096x1024_i16,K_scaling,128,4096,1024,i16,optimized_final,16,64,128,2,8,7,494.584
128x4096x1024_i16,K_scaling,128,4096,1024,i16,optimized_final,16,64,128,2,8,8,485.197
128x4096x1024_i16,K_scaling,128,4096,1024,i16,optimized_final,16,64,128,2,8,9,498.719
128x4096x1024_i16,K_scaling,128,4096,1024,i16,optimized_final,16,64,128,2,8,10,494.812
128x4096x1024_i16,K_scaling,128,4096,1024,i16,optimized_final,16,64,128,2,8,11,491.865
128x4096x1024_i16,K_scaling,128,4096,1024,i16,optimized_final,16,64,128,2,8,12,488.064
128x4096x1024_i16,K_scaling,128,4096,1024,i16,optimized_final,16,64,128,2,8,13,424.908
128x4096x1024_i16,K_scaling,128,4096,1024,i16,optimized_final,16,64,128,2,8,14,486.958
128x4096x1024_i16,K_scaling,128,4096,1024,i16,optimized_final,16,64,128,2,8,15,488.953
128x4096x1024_i16,K_scaling,128,4096,1024,i16,optimized_final,16,64,128,2,8,16,504.104
128x4096x1024_i16,K_scaling,128,4096,1024,i16,optimized_final,16,64,128,2,8,17,504.341
128x4096x1024_i16,K_scaling,128,4096,1024,i16,optimized_final,16,64,128,2,8,18,483.015
128x4096x1024_i16,K_scaling,128,4096,1024,i16,optimized_final,16,64,128,2,8,19,515.231
128x4096x1024_i16,K_scaling,128,4096,1024,i16,optimized_final,16,64,128,2,8,20,335.335
256x128x1024_i16,M_scaling,256,128,1024,i16,baseline_final,32,32,32,4,8,1,17.5082
256x128x1024_i16,M_scaling,256,128,1024,i16,baseline_final,32,32,32,4,8,2,24.0189
256x128x1024_i16,M_scaling,256,128,1024,i16,baseline_final,32,32,32,4,8,3,23.6883
256x128x1024_i16,M_scaling,256,128,1024,i16,baseline_final,32,32,32,4,8,4,23.6465
256x128x1024_i16,M_scaling,256,128,1024,i16,baseline_final,32,32,32,4,8,5,16.8446
256x128x1024_i16,M_scaling,256,128,1024,i16,baseline_final,32,32,32,4,8,6,14.3028
256x128x1024_i16,M_scaling,256,128,1024,i16,baseline_final,32,32,32,4,8,7,13.0995
256x128x1024_i16,M_scaling,256,128,1024,i16,baseline_final,32,32,32,4,8,8,12.9855
256x128x1024_i16,M_scaling,256,128,1024,i16,baseline_final,32,32,32,4,8,9,13.2365
256x128x1024_i16,M_scaling,256,128,1024,i16,baseline_final,32,32,32,4,8,10,24.062
256x128x1024_i16,M_scaling,256,128,1024,i16,baseline_final,32,32,32,4,8,11,18.1965
256x128x1024_i16,M_scaling,256,128,1024,i16,baseline_final,32,32,32,4,8,12,22.8261
256x128x1024_i16,M_scaling,256,128,1024,i16,baseline_final,32,32,32,4,8,13,15.676
256x128x1024_i16,M_scaling,256,128,1024,i16,baseline_final,32,32,32,4,8,14,23.9503
256x128x1024_i16,M_scaling,256,128,1024,i16,baseline_final,32,32,32,4,8,15,15.865
256x128x1024_i16,M_scaling,256,128,1024,i16,baseline_final,32,32,32,4,8,16,23.4811
256x128x1024_i16,M_scaling,256,128,1024,i16,baseline_final,32,32,32,4,8,17,14.5636
256x128x1024_i16,M_scaling,256,128,1024,i16,baseline_final,32,32,32,4,8,18,24.1052
256x128x1024_i16,M_scaling,256,128,1024,i16,baseline_final,32,32,32,4,8,19,17.203
256x128x1024_i16,M_scaling,256,128,1024,i16,baseline_final,32,32,32,4,8,20,24.2183
256x128x1024_i16,M_scaling,256,128,1024,i16,optimized_final,16,64,128,2,8,1,25.0687
256x128x1024_i16,M_scaling,256,128,1024,i16,optimized_final,16,64,128,2,8,2,22.3622
256x128x1024_i16,M_scaling,256,128,1024,i16,optimized_final,16,64,128,2,8,3,35.7723
256x128x1024_i16,M_scaling,256,128,1024,i16,optimized_final,16,64,128,2,8,4,25.6729
256x128x1024_i16,M_scaling,256,128,1024,i16,optimized_final,16,64,128,2,8,5,37.4491
256x128x1024_i16,M_scaling,256,128,1024,i16,optimized_final,16,64,128,2,8,6,39.36
256x128x1024_i16,M_scaling,256,128,1024,i16,optimized_final,16,64,128,2,8,7,26.1837
256x128x1024_i16,M_scaling,256,128,1024,i16,optimized_final,16,64,128,2,8,8,36.6115
256x128x1024_i16,M_scaling,256,128,1024,i16,optimized_final,16,64,128,2,8,9,27.9504
256x128x1024_i16,M_scaling,256,128,1024,i16,optimized_final,16,64,128,2,8,10,39.0622
256x128x1024_i16,M_scaling,256,128,1024,i16,optimized_final,16,64,128,2,8,11,23.3747
256x128x1024_i16,M_scaling,256,128,1024,i16,optimized_final,16,64,128,2,8,12,40.4027
256x128x1024_i16,M_scaling,256,128,1024,i16,optimized_final,16,64,128,2,8,13,38.1517
256x128x1024_i16,M_scaling,256,128,1024,i16,optimized_final,16,64,128,2,8,14,38.7241
256x128x1024_i16,M_scaling,256,128,1024,i16,optimized_final,16,64,128,2,8,15,36.5318
256x128x1024_i16,M_scaling,256,128,1024,i16,optimized_final,16,64,128,2,8,16,27.0056
256x128x1024_i16,M_scaling,256,128,1024,i16,optimized_final,16,64,128,2,8,17,39.222
256x128x1024_i16,M_scaling,256,128,1024,i16,optimized_final,16,64,128,2,8,18,37.6593
256x128x1024_i16,M_scaling,256,128,1024,i16,optimized_final,16,64,128,2,8,19,37.3242
256x128x1024_i16,M_scaling,256,128,1024,i16,optimized_final,16,64,128,2,8,20,36.8528
256x256x256_i16,square,256,256,256,i16,baseline_final,32,32,32,4,8,1,11.9072
256x256x256_i16,square,256,256,256,i16,baseline_final,32,32,32,4,8,2,9.12053
256x256x256_i16,square,256,256,256,i16,baseline_final,32,32,32,4,8,3,12.9155
256x256x256_i16,square,256,256,256,i16,baseline_final,32,32,32,4,8,4,12.4599
256x256x256_i16,square,256,256,256,i16,baseline_final,32,32,32,4,8,5,7.21446
256x256x256_i16,square,256,256,256,i16,baseline_final,32,32,32,4,8,6,10.23
256x256x256_i16,square,256,256,256,i16,baseline_final,32,32,32,4,8,7,8.64805
256x256x256_i16,square,256,256,256,i16,baseline_final,32,32,32,4,8,8,8.73586
256x256x256_i16,square,256,256,256,i16,baseline_final,32,32,32,4,8,9,7.62774
256x256x256_i16,square,256,256,256,i16,baseline_final,32,32,32,4,8,10,7.5251
256x256x256_i16,square,256,256,256,i16,baseline_final,32,32,32,4,8,11,7.76903
256x256x256_i16,square,256,256,256,i16,baseline_final,32,32,32,4,8,12,7.33591
256x256x256_i16,square,256,256,256,i16,baseline_final,32,32,32,4,8,13,11.8483
256x256x256_i16,square,256,256,256,i16,baseline_final,32,32,32,4,8,14,12.2016
256x256x256_i16,square,256,256,256,i16,baseline_final,32,32,32,4,8,15,10.7927
256x256x256_i16,square,256,256,256,i16,baseline_final,32,32,32,4,8,16,12.0656
256x256x256_i16,square,256,256,256,i16,baseline_final,32,32,32,4,8,17,12.0917
256x256x256_i16,square,256,256,256,i16,baseline_final,32,32,32,4,8,18,12.0224
256x256x256_i16,square,256,256,256,i16,baseline_final,32,32,32,4,8,19,12.2685
256x256x256_i16,square,256,256,256,i16,baseline_final,32,32,32,4,8,20,8.68386
256x256x256_i16,square,256,256,256,i16,optimized_final,128,8,32,2,8,1,20.9323
256x256x256_i16,square,256,256,256,i16,optimized_final,128,8,32,2,8,2,18.4163
256x256x256_i16,square,256,256,256,i16,optimized_final,128,8,32,2,8,3,18.2758
256x256x256_i16,square,256,256,256,i16,optimized_final,128,8,32,2,8,4,17.7631
256x256x256_i16,square,256,256,256,i16,optimized_final,128,8,32,2,8,5,18.246
256x256x256_i16,square,256,256,256,i16,optimized_final,128,8,32,2,8,6,17.9435
256x256x256_i16,square,256,256,256,i16,optimized_final,128,8,32,2,8,7,19.3956
256x256x256_i16,square,256,256,256,i16,optimized_final,128,8,32,2,8,8,18.2361
256x256x256_i16,square,256,256,256,i16,optimized_final,128,8,32,2,8,9,18.4669
256x256x256_i16,square,256,256,256,i16,optimized_final,128,8,32,2,8,10,17.6139
256x256x256_i16,square,256,256,256,i16,optimized_final,128,8,32,2,8,11,17.3587
256x256x256_i16,square,256,256,256,i16,optimized_final,128,8,32,2,8,12,18.0206
256x256x256_i16,square,256,256,256,i16,optimized_final,128,8,32,2,8,13,18.1965
256x256x256_i16,square,256,256,256,i16,optimized_final,128,8,32,2,8,14,18.2659
256x256x256_i16,square,256,256,256,i16,optimized_final,128,8,32,2,8,15,9.38585
256x256x256_i16,square,256,256,256,i16,optimized_final,128,8,32,2,8,16,18.1572
256x256x256_i16,square,256,256,256,i16,optimized_final,128,8,32,2,8,17,18.0789
256x256x256_i16,square,256,256,256,i16,optimized_final,128,8,32,2,8,18,18.4669
256x256x256_i16,square,256,256,256,i16,optimized_final,128,8,32,2,8,19,19.3397
256x256x256_i16,square,256,256,256,i16,optimized_final,128,8,32,2,8,20,18.5281
512x128x1024_i16,M_scaling,512,128,1024,i16,baseline_final,32,32,32,4,8,1,48.2624
512x128x1024_i16,M_scaling,512,128,1024,i16,baseline_final,32,32,32,4,8,2,28.9574
512x128x1024_i16,M_scaling,512,128,1024,i16,baseline_final,32,32,32,4,8,3,48.612
512x128x1024_i16,M_scaling,512,128,1024,i16,baseline_final,32,32,32,4,8,4,30.7275
512x128x1024_i16,M_scaling,512,128,1024,i16,baseline_final,32,32,32,4,8,5,49.6367
512x128x1024_i16,M_scaling,512,128,1024,i16,baseline_final,32,32,32,4,8,6,49.0025
512x128x1024_i16,M_scaling,512,128,1024,i16,baseline_final,32,32,32,4,8,7,49.3266
512x128x1024_i16,M_scaling,512,128,1024,i16,baseline_final,32,32,32,4,8,8,47.2598
512x128x1024_i16,M_scaling,512,128,1024,i16,baseline_final,32,32,32,4,8,9,48.1931
512x128x1024_i16,M_scaling,512,128,1024,i16,baseline_final,32,32,32,4,8,10,30.3866
512x128x1024_i16,M_scaling,512,128,1024,i16,baseline_final,32,32,32,4,8,11,48.4366
512x128x1024_i16,M_scaling,512,128,1024,i16,baseline_final,32,32,32,4,8,12,41.9824
512x128x1024_i16,M_scaling,512,128,1024,i16,baseline_final,32,32,32,4,8,13,42.1803
512x128x1024_i16,M_scaling,512,128,1024,i16,baseline_final,32,32,32,4,8,14,28.5448
512x128x1024_i16,M_scaling,512,128,1024,i16,baseline_final,32,32,32,4,8,15,48.6649
512x128x1024_i16,M_scaling,512,128,1024,i16,baseline_final,32,32,32,4,8,16,25.1816
512x128x1024_i16,M_scaling,512,128,1024,i16,baseline_final,32,32,32,4,8,17,23.9546
512x128x1024_i16,M_scaling,512,128,1024,i16,baseline_final,32,32,32,4,8,18,49.0741
512x128x1024_i16,M_scaling,512,128,1024,i16,baseline_final,32,32,32,4,8,19,47.3933
512x128x1024_i16,M_scaling,512,128,1024,i16,baseline_final,32,32,32,4,8,20,37.4491
512x128x1024_i16,M_scaling,512,128,1024,i16,optimized_final,16,64,128,2,8,1,71.621
512x128x1024_i16,M_scaling,512,128,1024,i16,optimized_final,16,64,128,2,8,2,46.1388
512x128x1024_i16,M_scaling,512,128,1024,i16,optimized_final,16,64,128,2,8,3,70.7526
512x128x1024_i16,M_scaling,512,128,1024,i16,optimized_final,16,64,128,2,8,4,43.0599
512x128x1024_i16,M_scaling,512,128,1024,i16,optimized_final,16,64,128,2,8,5,70.8647
512x128x1024_i16,M_scaling,512,128,1024,i16,optimized_final,16,64,128,2,8,6,70.4185
512x128x1024_i16,M_scaling,512,128,1024,i16,optimized_final,16,64,128,2,8,7,43.0461
512x128x1024_i16,M_scaling,512,128,1024,i16,optimized_final,16,64,128,2,8,8,71.1653
512x128x1024_i16,M_scaling,512,128,1024,i16,optimized_final,16,64,128,2,8,9,71.2408
512x128x1024_i16,M_scaling,512,128,1024,i16,optimized_final,16,64,128,2,8,10,57.1626
512x128x1024_i16,M_scaling,512,128,1024,i16,optimized_final,16,64,128,2,8,11,73.0635
512x128x1024_i16,M_scaling,512,128,1024,i16,optimized_final,16,64,128,2,8,12,73.0635
512x128x1024_i16,M_scaling,512,128,1024,i16,optimized_final,16,64,128,2,8,13,73.8271
512x128x1024_i16,M_scaling,512,128,1024,i16,optimized_final,16,64,128,2,8,14,74.2766
512x128x1024_i16,M_scaling,512,128,1024,i16,optimized_final,16,64,128,2,8,15,74.3177
512x128x1024_i16,M_scaling,512,128,1024,i16,optimized_final,16,64,128,2,8,16,67.7867
512x128x1024_i16,M_scaling,512,128,1024,i16,optimized_final,16,64,128,2,8,17,75.4456
512x128x1024_i16,M_scaling,512,128,1024,i16,optimized_final,16,64,128,2,8,18,73.7865
512x128x1024_i16,M_scaling,512,128,1024,i16,optimized_final,16,64,128,2,8,19,46.2501
512x128x1024_i16,M_scaling,512,128,1024,i16,optimized_final,16,64,128,2,8,20,48.7887
512x512x512_i16,square;representative,512,512,512,i16,baseline_final,32,32,32,4,8,1,96.2479
512x512x512_i16,square;representative,512,512,512,i16,baseline_final,32,32,32,4,8,2,91.6162
512x512x512_i16,square;representative,512,512,512,i16,baseline_final,32,32,32,4,8,3,94.254
512x512x512_i16,square;representative,512,512,512,i16,baseline_final,32,32,32,4,8,4,93.7602
512x512x512_i16,square;representative,512,512,512,i16,baseline_final,32,32,32,4,8,5,94.887
512x512x512_i16,square;representative,512,512,512,i16,baseline_final,32,32,32,4,8,6,94.1218
512x512x512_i16,square;representative,512,512,512,i16,baseline_final,32,32,32,4,8,7,94.1548
512x512x512_i16,square;representative,512,512,512,i16,baseline_final,32,32,32,4,8,8,95.359
512x512x512_i16,square;representative,512,512,512,i16,baseline_final,32,32,32,4,8,9,65.6964
512x512x512_i16,square;representative,512,512,512,i16,baseline_final,32,32,32,4,8,10,96.4208
512x512x512_i16,square;representative,512,512,512,i16,baseline_final,32,32,32,4,8,11,94.9542
512x512x512_i16,square;representative,512,512,512,i16,baseline_final,32,32,32,4,8,12,81.9901
512x512x512_i16,square;representative,512,512,512,i16,baseline_final,32,32,32,4,8,13,86.0094
512x512x512_i16,square;representative,512,512,512,i16,baseline_final,32,32,32,4,8,14,87.211
512x512x512_i16,square;representative,512,512,512,i16,baseline_final,32,32,32,4,8,15,95.2574
512x512x512_i16,square;representative,512,512,512,i16,baseline_final,32,32,32,4,8,16,90.3519
512x512x512_i16,square;representative,512,512,512,i16,baseline_final,32,32,32,4,8,17,90.8411
512x512x512_i16,square;representative,512,512,512,i16,baseline_final,32,32,32,4,8,18,76.8056
512x512x512_i16,square;representative,512,512,512,i16,baseline_final,32,32,32,4,8,19,92.2776
512x512x512_i16,square;representative,512,512,512,i16,baseline_final,32,32,32,4,8,20,65.2017
512x512x512_i16,square;representative,512,512,512,i16,optimized_final,32,16,64,2,8,1,109.79
512x512x512_i16,square;representative,512,512,512,i16,optimized_final,32,16,64,2,8,2,131.845
512x512x512_i16,square;representative,512,512,512,i16,optimized_final,32,16,64,2,8,3,132.692
512x512x512_i16,square;representative,512,512,512,i16,optimized_final,32,16,64,2,8,4,133.683
512x512x512_i16,square;representative,512,512,512,i16,optimized_final,32,16,64,2,8,5,141.879
512x512x512_i16,square;representative,512,512,512,i16,optimized_final,32,16,64,2,8,6,139.23
512x512x512_i16,square;representative,512,512,512,i16,optimized_final,32,16,64,2,8,7,146.847
512x512x512_i16,square;representative,512,512,512,i16,optimized_final,32,16,64,2,8,8,139.086
512x512x512_i16,square;representative,512,512,512,i16,optimized_final,32,16,64,2,8,9,140.911
512x512x512_i16,square;representative,512,512,512,i16,optimized_final,32,16,64,2,8,10,124.161
512x512x512_i16,square;representative,512,512,512,i16,optimized_final,32,16,64,2,8,11,103.086
512x512x512_i16,square;representative,512,512,512,i16,optimized_final,32,16,64,2,8,12,139.014
512x512x512_i16,square;representative,512,512,512,i16,optimized_final,32,16,64,2,8,13,131.393
512x512x512_i16,square;representative,512,512,512,i16,optimized_final,32,16,64,2,8,14,134.487
512x512x512_i16,square;representative,512,512,512,i16,optimized_final,32,16,64,2,8,15,136.678
512x512x512_i16,square;representative,512,512,512,i16,optimized_final,32,16,64,2,8,16,136.608
512x512x512_i16,square;representative,512,512,512,i16,optimized_final,32,16,64,2,8,17,139.375
512x512x512_i16,square;representative,512,512,512,i16,optimized_final,32,16,64,2,8,18,134.892
512x512x512_i16,square;representative,512,512,512,i16,optimized_final,32,16,64,2,8,19,136.262
512x512x512_i16,square;representative,512,512,512,i16,optimized_final,32,16,64,2,8,20,101.719
512x2048x512_i16,representative,512,2048,512,i16,baseline_final,32,32,32,4,8,1,249.475
512x2048x512_i16,representative,512,2048,512,i16,baseline_final,32,32,32,4,8,2,246.102
512x2048x512_i16,representative,512,2048,512,i16,baseline_final,32,32,32,4,8,3,343.707
512x2048x512_i16,representative,512,2048,512,i16,baseline_final,32,32,32,4,8,4,345.922
512x2048x512_i16,representative,512,2048,512,i16,baseline_final,32,32,32,4,8,5,349.184
512x2048x512_i16,representative,512,2048,512,i16,baseline_final,32,32,32,4,8,6,349.298
512x2048x512_i16,representative,512,2048,512,i16,baseline_final,32,32,32,4,8,7,346.368
512x2048x512_i16,representative,512,2048,512,i16,baseline_final,32,32,32,4,8,8,348.617
512x2048x512_i16,representative,512,2048,512,i16,baseline_final,32,32,32,4,8,9,348.504
512x2048x512_i16,representative,512,2048,512,i16,baseline_final,32,32,32,4,8,10,355.191
512x2048x512_i16,representative,512,2048,512,i16,baseline_final,32,32,32,4,8,11,366.34
512x2048x512_i16,representative,512,2048,512,i16,baseline_final,32,32,32,4,8,12,349.071
512x2048x512_i16,representative,512,2048,512,i16,baseline_final,32,32,32,4,8,13,349.867
512x2048x512_i16,representative,512,2048,512,i16,baseline_final,32,32,32,4,8,14,354.136
512x2048x512_i16,representative,512,2048,512,i16,baseline_final,32,32,32,4,8,15,348.504
512x2048x512_i16,representative,512,2048,512,i16,baseline_final,32,32,32,4,8,16,343.268
512x2048x512_i16,representative,512,2048,512,i16,baseline_final,32,32,32,4,8,17,245.876
512x2048x512_i16,representative,512,2048,512,i16,baseline_final,32,32,32,4,8,18,350.324
512x2048x512_i16,representative,512,2048,512,i16,baseline_final,32,32,32,4,8,19,349.981
512x2048x512_i16,representative,512,2048,512,i16,baseline_final,32,32,32,4,8,20,354.253
512x2048x512_i16,representative,512,2048,512,i16,optimized_final,32,64,64,2,8,1,513.016
512x2048x512_i16,representative,512,2048,512,i16,optimized_final,32,64,64,2,8,2,307.134
512x2048x512_i16,representative,512,2048,512,i16,optimized_final,32,64,64,2,8,3,509.365
512x2048x512_i16,representative,512,2048,512,i16,optimized_final,32,64,64,2,8,4,517.217
512x2048x512_i16,representative,512,2048,512,i16,optimized_final,32,64,64,2,8,5,525.571
512x2048x512_i16,representative,512,2048,512,i16,optimized_final,32,64,64,2,8,6,420.91
512x2048x512_i16,representative,512,2048,512,i16,optimized_final,32,64,64,2,8,7,390.594
512x2048x512_i16,representative,512,2048,512,i16,optimized_final,32,64,64,2,8,8,506.005
512x2048x512_i16,representative,512,2048,512,i16,optimized_final,32,64,64,2,8,9,522.756
512x2048x512_i16,representative,512,2048,512,i16,optimized_final,32,64,64,2,8,10,500.113
512x2048x512_i16,representative,512,2048,512,i16,optimized_final,32,64,64,2,8,11,536.603
512x2048x512_i16,representative,512,2048,512,i16,optimized_final,32,64,64,2,8,12,339.362
512x2048x512_i16,representative,512,2048,512,i16,optimized_final,32,64,64,2,8,13,376.223
512x2048x512_i16,representative,512,2048,512,i16,optimized_final,32,64,64,2,8,14,370.639
512x2048x512_i16,representative,512,2048,512,i16,optimized_final,32,64,64,2,8,15,522.248
512x2048x512_i16,representative,512,2048,512,i16,optimized_final,32,64,64,2,8,16,510.334
512x2048x512_i16,representative,512,2048,512,i16,optimized_final,32,64,64,2,8,17,520.981
512x2048x512_i16,representative,512,2048,512,i16,optimized_final,32,64,64,2,8,18,470.527
512x2048x512_i16,representative,512,2048,512,i16,optimized_final,32,64,64,2,8,19,527.897
512x2048x512_i16,representative,512,2048,512,i16,optimized_final,32,64,64,2,8,20,497.563
1024x128x1024_i16,M_scaling,1024,128,1024,i16,baseline_final,32,32,32,4,8,1,70.1425
1024x128x1024_i16,M_scaling,1024,128,1024,i16,baseline_final,32,32,32,4,8,2,94.3203
1024x128x1024_i16,M_scaling,1024,128,1024,i16,baseline_final,32,32,32,4,8,3,93.2391
1024x128x1024_i16,M_scaling,1024,128,1024,i16,baseline_final,32,32,32,4,8,4,62.7039
1024x128x1024_i16,M_scaling,1024,128,1024,i16,baseline_final,32,32,32,4,8,5,85.1095
1024x128x1024_i16,M_scaling,1024,128,1024,i16,baseline_final,32,32,32,4,8,6,59.1137
1024x128x1024_i16,M_scaling,1024,128,1024,i16,baseline_final,32,32,32,4,8,7,92.5002
1024x128x1024_i16,M_scaling,1024,128,1024,i16,baseline_final,32,32,32,4,8,8,90.3823
1024x128x1024_i16,M_scaling,1024,128,1024,i16,baseline_final,32,32,32,4,8,9,55.6112
1024x128x1024_i16,M_scaling,1024,128,1024,i16,baseline_final,32,32,32,4,8,10,62.1378
1024x128x1024_i16,M_scaling,1024,128,1024,i16,baseline_final,32,32,32,4,8,11,93.0452
1024x128x1024_i16,M_scaling,1024,128,1024,i16,baseline_final,32,32,32,4,8,12,64.5122
1024x128x1024_i16,M_scaling,1024,128,1024,i16,baseline_final,32,32,32,4,8,13,85.2717
1024x128x1024_i16,M_scaling,1024,128,1024,i16,baseline_final,32,32,32,4,8,14,57.2968
1024x128x1024_i16,M_scaling,1024,128,1024,i16,baseline_final,32,32,32,4,8,15,68.4435
1024x128x1024_i16,M_scaling,1024,128,1024,i16,baseline_final,32,32,32,4,8,16,92.6278
1024x128x1024_i16,M_scaling,1024,128,1024,i16,baseline_final,32,32,32,4,8,17,56.2286
1024x128x1024_i16,M_scaling,1024,128,1024,i16,baseline_final,32,32,32,4,8,18,82.418
1024x128x1024_i16,M_scaling,1024,128,1024,i16,baseline_final,32,32,32,4,8,19,47.7898
1024x128x1024_i16,M_scaling,1024,128,1024,i16,baseline_final,32,32,32,4,8,20,96.5943
1024x128x1024_i16,M_scaling,1024,128,1024,i16,optimized_final,16,16,128,2,8,1,137.237
1024x128x1024_i16,M_scaling,1024,128,1024,i16,optimized_final,16,16,128,2,8,2,82.1657
1024x128x1024_i16,M_scaling,1024,128,1024,i16,optimized_final,16,16,128,2,8,3,88.5926
1024x128x1024_i16,M_scaling,1024,128,1024,i16,optimized_final,16,16,128,2,8,4,136.262
1024x128x1024_i16,M_scaling,1024,128,1024,i16,optimized_final,16,16,128,2,8,5,133.021
1024x128x1024_i16,M_scaling,1024,128,1024,i16,optimized_final,16,16,128,2,8,6,135.232
1024x128x1024_i16,M_scaling,1024,128,1024,i16,optimized_final,16,16,128,2,8,7,135.3
1024x128x1024_i16,M_scaling,1024,128,1024,i16,optimized_final,16,16,128,2,8,8,136.817
1024x128x1024_i16,M_scaling,1024,128,1024,i16,optimized_final,16,16,128,2,8,9,139.086
1024x128x1024_i16,M_scaling,1024,128,1024,i16,optimized_final,16,16,128,2,8,10,132.43
1024x128x1024_i16,M_scaling,1024,128,1024,i16,optimized_final,16,16,128,2,8,11,132.889
1024x128x1024_i16,M_scaling,1024,128,1024,i16,optimized_final,16,16,128,2,8,12,125.672
1024x128x1024_i16,M_scaling,1024,128,1024,i16,optimized_final,16,16,128,2,8,13,132.823
1024x128x1024_i16,M_scaling,1024,128,1024,i16,optimized_final,16,16,128,2,8,14,132.169
1024x128x1024_i16,M_scaling,1024,128,1024,i16,optimized_final,16,16,128,2,8,15,139.23
1024x128x1024_i16,M_scaling,1024,128,1024,i16,optimized_final,16,16,128,2,8,16,135.848
1024x128x1024_i16,M_scaling,1024,128,1024,i16,optimized_final,16,16,128,2,8,17,138.655
1024x128x1024_i16,M_scaling,1024,128,1024,i16,optimized_final,16,16,128,2,8,18,134.084
1024x128x1024_i16,M_scaling,1024,128,1024,i16,optimized_final,16,16,128,2,8,19,120.267
1024x128x1024_i16,M_scaling,1024,128,1024,i16,optimized_final,16,16,128,2,8,20,133.883
1024x1024x1024_i16,square,1024,1024,1024,i16,baseline_final,32,32,32,4,8,1,621.378
1024x1024x1024_i16,square,1024,1024,1024,i16,baseline_final,32,32,32,4,8,2,478.815
1024x1024x1024_i16,square,1024,1024,1024,i16,baseline_final,32,32,32,4,8,3,623.001
1024x1024x1024_i16,square,1024,1024,1024,i16,baseline_final,32,32,32,4,8,4,608.352
1024x1024x1024_i16,square,1024,1024,1024,i16,baseline_final,32,32,32,4,8,5,415.454
1024x1024x1024_i16,square,1024,1024,1024,i16,baseline_final,32,32,32,4,8,6,647.417
1024x1024x1024_i16,square,1024,1024,1024,i16,baseline_final,32,32,32,4,8,7,620.66
1024x1024x1024_i16,square,1024,1024,1024,i16,baseline_final,32,32,32,4,8,8,615.325
1024x1024x1024_i16,square,1024,1024,1024,i16,baseline_final,32,32,32,4,8,9,615.678
1024x1024x1024_i16,square,1024,1024,1024,i16,baseline_final,32,32,32,4,8,10,405.568
1024x1024x1024_i16,square,1024,1024,1024,i16,baseline_final,32,32,32,4,8,11,618.159
1024x1024x1024_i16,square,1024,1024,1024,i16,baseline_final,32,32,32,4,8,12,614.796
1024x1024x1024_i16,square,1024,1024,1024,i16,baseline_final,32,32,32,4,8,13,620.66
1024x1024x1024_i16,square,1024,1024,1024,i16,baseline_final,32,32,32,4,8,14,608.352
1024x1024x1024_i16,square,1024,1024,1024,i16,baseline_final,32,32,32,4,8,15,479.456
1024x1024x1024_i16,square,1024,1024,1024,i16,baseline_final,32,32,32,4,8,16,632.916
1024x1024x1024_i16,square,1024,1024,1024,i16,baseline_final,32,32,32,4,8,17,620.66
1024x1024x1024_i16,square,1024,1024,1024,i16,baseline_final,32,32,32,4,8,18,621.378
1024x1024x1024_i16,square,1024,1024,1024,i16,baseline_final,32,32,32,4,8,19,631.799
1024x1024x1024_i16,square,1024,1024,1024,i16,baseline_final,32,32,32,4,8,20,626.637
1024x1024x1024_i16,square,1024,1024,1024,i16,optimized_final,32,32,128,2,8,1,885.195
1024x1024x1024_i16,square,1024,1024,1024,i16,optimized_final,32,32,128,2,8,2,856.253
1024x1024x1024_i16,square,1024,1024,1024,i16,optimized_final,32,32,128,2,8,3,877.599
1024x1024x1024_i16,square,1024,1024,1024,i16,optimized_final,32,32,128,2,8,4,865.223
1024x1024x1024_i16,square,1024,1024,1024,i16,optimized_final,32,32,128,2,8,5,674.249
1024x1024x1024_i16,square,1024,1024,1024,i16,optimized_final,32,32,128,2,8,6,869.427
1024x1024x1024_i16,square,1024,1024,1024,i16,optimized_final,32,32,128,2,8,7,842.15
1024x1024x1024_i16,square,1024,1024,1024,i16,optimized_final,32,32,128,2,8,8,846.8
1024x1024x1024_i16,square,1024,1024,1024,i16,optimized_final,32,32,128,2,8,9,668.581
1024x1024x1024_i16,square,1024,1024,1024,i16,optimized_final,32,32,128,2,8,10,849.815
1024x1024x1024_i16,square,1024,1024,1024,i16,optimized_final,32,32,128,2,8,11,882.286
1024x1024x1024_i16,square,1024,1024,1024,i16,optimized_final,32,32,128,2,8,12,872.606
1024x1024x1024_i16,square,1024,1024,1024,i16,optimized_final,32,32,128,2,8,13,817.777
1024x1024x1024_i16,square,1024,1024,1024,i16,optimized_final,32,32,128,2,8,14,882.286
1024x1024x1024_i16,square,1024,1024,1024,i16,optimized_final,32,32,128,2,8,15,853.87
1024x1024x1024_i16,square,1024,1024,1024,i16,optimized_final,32,32,128,2,8,16,790.679
1024x1024x1024_i16,square,1024,1024,1024,i16,optimized_final,32,32,128,2,8,17,706.409
1024x1024x1024_i16,square,1024,1024,1024,i16,optimized_final,32,32,128,2,8,18,864.526
1024x1024x1024_i16,square,1024,1024,1024,i16,optimized_final,32,32,128,2,8,19,838.861
1024x1024x1024_i16,square,1024,1024,1024,i16,optimized_final,32,32,128,2,8,20,830.748
2048x128x1024_i16,M_scaling,2048,128,1024,i16,baseline_final,32,32,32,4,8,1,177.01
2048x128x1024_i16,M_scaling,2048,128,1024,i16,baseline_final,32,32,32,4,8,2,177.537
2048x128x1024_i16,M_scaling,2048,128,1024,i16,baseline_final,32,32,32,4,8,3,177.01
2048x128x1024_i16,M_scaling,2048,128,1024,i16,baseline_final,32,32,32,4,8,4,181.498
2048x128x1024_i16,M_scaling,2048,128,1024,i16,baseline_final,32,32,32,4,8,5,185.897
2048x128x1024_i16,M_scaling,2048,128,1024,i16,baseline_final,32,32,32,4,8,6,187.651
2048x128x1024_i16,M_scaling,2048,128,1024,i16,baseline_final,32,32,32,4,8,7,109.834
2048x128x1024_i16,M_scaling,2048,128,1024,i16,baseline_final,32,32,32,4,8,8,125.496
2048x128x1024_i16,M_scaling,2048,128,1024,i16,baseline_final,32,32,32,4,8,9,179.256
2048x128x1024_i16,M_scaling,2048,128,1024,i16,baseline_final,32,32,32,4,8,10,109.521
2048x128x1024_i16,M_scaling,2048,128,1024,i16,baseline_final,32,32,32,4,8,11,113.097
2048x128x1024_i16,M_scaling,2048,128,1024,i16,baseline_final,32,32,32,4,8,12,169.2
2048x128x1024_i16,M_scaling,2048,128,1024,i16,baseline_final,32,32,32,4,8,13,124.362
2048x128x1024_i16,M_scaling,2048,128,1024,i16,baseline_final,32,32,32,4,8,14,154.406
2048x128x1024_i16,M_scaling,2048,128,1024,i16,baseline_final,32,32,32,4,8,15,172.35
2048x128x1024_i16,M_scaling,2048,128,1024,i16,baseline_final,32,32,32,4,8,16,175.391
2048x128x1024_i16,M_scaling,2048,128,1024,i16,baseline_final,32,32,32,4,8,17,184.809
2048x128x1024_i16,M_scaling,2048,128,1024,i16,baseline_final,32,32,32,4,8,18,178.126
2048x128x1024_i16,M_scaling,2048,128,1024,i16,baseline_final,32,32,32,4,8,19,92.5639
2048x128x1024_i16,M_scaling,2048,128,1024,i16,baseline_final,32,32,32,4,8,20,178.244
2048x128x1024_i16,M_scaling,2048,128,1024,i16,optimized_final,16,16,128,2,8,1,242.818
2048x128x1024_i16,M_scaling,2048,128,1024,i16,optimized_final,16,16,128,2,8,2,245.147
2048x128x1024_i16,M_scaling,2048,128,1024,i16,optimized_final,16,16,128,2,8,3,244.032
2048x128x1024_i16,M_scaling,2048,128,1024,i16,optimized_final,16,16,128,2,8,4,167.615
2048x128x1024_i16,M_scaling,2048,128,1024,i16,optimized_final,16,16,128,2,8,5,233.829
2048x128x1024_i16,M_scaling,2048,128,1024,i16,optimized_final,16,16,128,2,8,6,231.81
2048x128x1024_i16,M_scaling,2048,128,1024,i16,optimized_final,16,16,128,2,8,7,240.318
2048x128x1024_i16,M_scaling,2048,128,1024,i16,optimized_final,16,16,128,2,8,8,242.27
2048x128x1024_i16,M_scaling,2048,128,1024,i16,optimized_final,16,16,128,2,8,9,243.921
2048x128x1024_i16,M_scaling,2048,128,1024,i16,optimized_final,16,16,128,2,8,10,245.483
2048x128x1024_i16,M_scaling,2048,128,1024,i16,optimized_final,16,16,128,2,8,11,215.611
2048x128x1024_i16,M_scaling,2048,128,1024,i16,optimized_final,16,16,128,2,8,12,243.479
2048x128x1024_i16,M_scaling,2048,128,1024,i16,optimized_final,16,16,128,2,8,13,236.091
2048x128x1024_i16,M_scaling,2048,128,1024,i16,optimized_final,16,16,128,2,8,14,165.293
2048x128x1024_i16,M_scaling,2048,128,1024,i16,optimized_final,16,16,128,2,8,15,244.143
2048x128x1024_i16,M_scaling,2048,128,1024,i16,optimized_final,16,16,128,2,8,16,237.659
2048x128x1024_i16,M_scaling,2048,128,1024,i16,optimized_final,16,16,128,2,8,17,168.668
2048x128x1024_i16,M_scaling,2048,128,1024,i16,optimized_final,16,16,128,2,8,18,190.989
2048x128x1024_i16,M_scaling,2048,128,1024,i16,optimized_final,16,16,128,2,8,19,238.186
2048x128x1024_i16,M_scaling,2048,128,1024,i16,optimized_final,16,16,128,2,8,20,247.406
2048x2048x2048_i16,square,2048,2048,2048,i16,baseline_final,32,32,32,4,8,1,1348.08
2048x2048x2048_i16,square,2048,2048,2048,i16,baseline_final,32,32,32,4,8,2,1454.32
2048x2048x2048_i16,square,2048,2048,2048,i16,baseline_final,32,32,32,4,8,3,1403.93
2048x2048x2048_i16,square,2048,2048,2048,i16,baseline_final,32,32,32,4,8,4,1388.16
2048x2048x2048_i16,square,2048,2048,2048,i16,baseline_final,32,32,32,4,8,5,1396.62
2048x2048x2048_i16,square,2048,2048,2048,i16,baseline_final,32,32,32,4,8,6,1411.43
2048x2048x2048_i16,square,2048,2048,2048,i16,baseline_final,32,32,32,4,8,7,1411.54
2048x2048x2048_i16,square,2048,2048,2048,i16,baseline_final,32,32,32,4,8,8,1390.52
2048x2048x2048_i16,square,2048,2048,2048,i16,baseline_final,32,32,32,4,8,9,1463.11
2048x2048x2048_i16,square,2048,2048,2048,i16,baseline_final,32,32,32,4,8,10,1423.12
2048x2048x2048_i16,square,2048,2048,2048,i16,baseline_final,32,32,32,4,8,11,1388.5
2048x2048x2048_i16,square,2048,2048,2048,i16,baseline_final,32,32,32,4,8,12,1413.75
2048x2048x2048_i16,square,2048,2048,2048,i16,baseline_final,32,32,32,4,8,13,1382.02
2048x2048x2048_i16,square,2048,2048,2048,i16,baseline_final,32,32,32,4,8,14,1373.95
2048x2048x2048_i16,square,2048,2048,2048,i16,baseline_final,32,32,32,4,8,15,1374.39
2048x2048x2048_i16,square,2048,2048,2048,i16,baseline_final,32,32,32,4,8,16,1449.04
2048x2048x2048_i16,square,2048,2048,2048,i16,baseline_final,32,32,32,4,8,17,1389.28
2048x2048x2048_i16,square,2048,2048,2048,i16,baseline_final,32,32,32,4,8,18,1400.15
2048x2048x2048_i16,square,2048,2048,2048,i16,baseline_final,32,32,32,4,8,19,1414.68
2048x2048x2048_i16,square,2048,2048,2048,i16,baseline_final,32,32,32,4,8,20,1397.99
2048x2048x2048_i16,square,2048,2048,2048,i16,optimized_final,16,16,256,2,8,1,1571.81
2048x2048x2048_i16,square,2048,2048,2048,i16,optimized_final,16,16,256,2,8,2,1552.35
2048x2048x2048_i16,square,2048,2048,2048,i16,optimized_final,16,16,256,2,8,3,1556.71
2048x2048x2048_i16,square,2048,2048,2048,i16,optimized_final,16,16,256,2,8,4,1561.81
2048x2048x2048_i16,square,2048,2048,2048,i16,optimized_final,16,16,256,2,8,5,1548.01
2048x2048x2048_i16,square,2048,2048,2048,i16,optimized_final,16,16,256,2,8,6,1565.22
2048x2048x2048_i16,square,2048,2048,2048,i16,optimized_final,16,16,256,2,8,7,1575.41
2048x2048x2048_i16,square,2048,2048,2048,i16,optimized_final,16,16,256,2,8,8,1578.89
2048x2048x2048_i16,square,2048,2048,2048,i16,optimized_final,16,16,256,2,8,9,1573.39
2048x2048x2048_i16,square,2048,2048,2048,i16,optimized_final,16,16,256,2,8,10,1565.36
2048x2048x2048_i16,square,2048,2048,2048,i16,optimized_final,16,16,256,2,8,11,1567.65
2048x2048x2048_i16,square,2048,2048,2048,i16,optimized_final,16,16,256,2,8,12,1567.94
2048x2048x2048_i16,square,2048,2048,2048,i16,optimized_final,16,16,256,2,8,13,1597.24
2048x2048x2048_i16,square,2048,2048,2048,i16,optimized_final,16,16,256,2,8,14,1583.4
2048x2048x2048_i16,square,2048,2048,2048,i16,optimized_final,16,16,256,2,8,15,1595.6
2048x2048x2048_i16,square,2048,2048,2048,i16,optimized_final,16,16,256,2,8,16,1598.13
2048x2048x2048_i16,square,2048,2048,2048,i16,optimized_final,16,16,256,2,8,17,1574.83
2048x2048x2048_i16,square,2048,2048,2048,i16,optimized_final,16,16,256,2,8,18,1572.82
2048x2048x2048_i16,square,2048,2048,2048,i16,optimized_final,16,16,256,2,8,19,1578.31
2048x2048x2048_i16,square,2048,2048,2048,i16,optimized_final,16,16,256,2,8,20,1582.81
4096x128x1024_i16,M_scaling,4096,128,1024,i16,baseline_final,32,32,32,4,8,1,325.672
4096x128x1024_i16,M_scaling,4096,128,1024,i16,baseline_final,32,32,32,4,8,2,209.92
4096x128x1024_i16,M_scaling,4096,128,1024,i16,baseline_final,32,32,32,4,8,3,214.791
4096x128x1024_i16,M_scaling,4096,128,1024,i16,baseline_final,32,32,32,4,8,4,268.368
4096x128x1024_i16,M_scaling,4096,128,1024,i16,baseline_final,32,32,32,4,8,5,268.503
4096x128x1024_i16,M_scaling,4096,128,1024,i16,baseline_final,32,32,32,4,8,6,213.425
4096x128x1024_i16,M_scaling,4096,128,1024,i16,baseline_final,32,32,32,4,8,7,326.365
4096x128x1024_i16,M_scaling,4096,128,1024,i16,baseline_final,32,32,32,4,8,8,325.87
4096x128x1024_i16,M_scaling,4096,128,1024,i16,baseline_final,32,32,32,4,8,9,226.623
4096x128x1024_i16,M_scaling,4096,128,1024,i16,baseline_final,32,32,32,4,8,10,267.566
4096x128x1024_i16,M_scaling,4096,128,1024,i16,baseline_final,32,32,32,4,8,11,257.863
4096x128x1024_i16,M_scaling,4096,128,1024,i16,baseline_final,32,32,32,4,8,12,324.786
4096x128x1024_i16,M_scaling,4096,128,1024,i16,baseline_final,32,32,32,4,8,13,344.148
4096x128x1024_i16,M_scaling,4096,128,1024,i16,baseline_final,32,32,32,4,8,14,330.789
4096x128x1024_i16,M_scaling,4096,128,1024,i16,baseline_final,32,32,32,4,8,15,324.884
4096x128x1024_i16,M_scaling,4096,128,1024,i16,baseline_final,32,32,32,4,8,16,249.707
4096x128x1024_i16,M_scaling,4096,128,1024,i16,baseline_final,32,32,32,4,8,17,222.123
4096x128x1024_i16,M_scaling,4096,128,1024,i16,baseline_final,32,32,32,4,8,18,321.865
4096x128x1024_i16,M_scaling,4096,128,1024,i16,baseline_final,32,32,32,4,8,19,330.891
4096x128x1024_i16,M_scaling,4096,128,1024,i16,baseline_final,32,32,32,4,8,20,330.891
4096x128x1024_i16,M_scaling,4096,128,1024,i16,optimized_final,32,32,128,2,8,1,370.895
4096x128x1024_i16,M_scaling,4096,128,1024,i16,optimized_final,32,32,128,2,8,2,391.305
4096x128x1024_i16,M_scaling,4096,128,1024,i16,optimized_final,32,32,128,2,8,3,454.206
4096x128x1024_i16,M_scaling,4096,128,1024,i16,optimized_final,32,32,128,2,8,4,291.461
4096x128x1024_i16,M_scaling,4096,128,1024,i16,optimized_final,32,32,128,2,8,5,440.962
4096x128x1024_i16,M_scaling,4096,128,1024,i16,optimized_final,32,32,128,2,8,6,453.056
4096x128x1024_i16,M_scaling,4096,128,1024,i16,optimized_final,32,32,128,2,8,7,449.264
4096x128x1024_i16,M_scaling,4096,128,1024,i16,optimized_final,32,32,128,2,8,8,405.798
4096x128x1024_i16,M_scaling,4096,128,1024,i16,optimized_final,32,32,128,2,8,9,447.02
4096x128x1024_i16,M_scaling,4096,128,1024,i16,optimized_final,32,32,128,2,8,10,464.421
4096x128x1024_i16,M_scaling,4096,128,1024,i16,optimized_final,32,32,128,2,8,11,326.167
4096x128x1024_i16,M_scaling,4096,128,1024,i16,optimized_final,32,32,128,2,8,12,405.492
4096x128x1024_i16,M_scaling,4096,128,1024,i16,optimized_final,32,32,128,2,8,13,311.591
4096x128x1024_i16,M_scaling,4096,128,1024,i16,optimized_final,32,32,128,2,8,14,444.982
4096x128x1024_i16,M_scaling,4096,128,1024,i16,optimized_final,32,32,128,2,8,15,314.235
4096x128x1024_i16,M_scaling,4096,128,1024,i16,optimized_final,32,32,128,2,8,16,312.68
4096x128x1024_i16,M_scaling,4096,128,1024,i16,optimized_final,32,32,128,2,8,17,328.06
4096x128x1024_i16,M_scaling,4096,128,1024,i16,optimized_final,32,32,128,2,8,18,307.927
4096x128x1024_i16,M_scaling,4096,128,1024,i16,optimized_final,32,32,128,2,8,19,454.206
4096x128x1024_i16,M_scaling,4096,128,1024,i16,optimized_final,32,32,128,2,8,20,445.167
512x768x768_bf16,representative,512,768,768,bf16,baseline_final,32,32,32,4,8,1,204.808
512x768x768_bf16,representative,512,768,768,bf16,baseline_final,32,32,32,4,8,2,204.6
512x768x768_bf16,representative,512,768,768,bf16,baseline_final,32,32,32,4,8,3,201.663
512x768x768_bf16,representative,512,768,768,bf16,baseline_final,32,32,32,4,8,4,201.394
512x768x768_bf16,representative,512,768,768,bf16,baseline_final,32,32,32,4,8,5,202.678
512x768x768_bf16,representative,512,768,768,bf16,baseline_final,32,32,32,4,8,6,158.691
512x768x768_bf16,representative,512,768,768,bf16,baseline_final,32,32,32,4,8,7,196.161
512x768x768_bf16,representative,512,768,768,bf16,baseline_final,32,32,32,4,8,8,138.623
512x768x768_bf16,representative,512,768,768,bf16,baseline_final,32,32,32,4,8,9,187.98
512x768x768_bf16,representative,512,768,768,bf16,baseline_final,32,32,32,4,8,10,202.271
512x768x768_bf16,representative,512,768,768,bf16,baseline_final,32,32,32,4,8,11,199.927
512x768x768_bf16,representative,512,768,768,bf16,baseline_final,32,32,32,4,8,12,120.748
512x768x768_bf16,representative,512,768,768,bf16,baseline_final,32,32,32,4,8,13,126.197
512x768x768_bf16,representative,512,768,768,bf16,baseline_final,32,32,32,4,8,14,177.798
512x768x768_bf16,representative,512,768,768,bf16,baseline_final,32,32,32,4,8,15,198.874
512x768x768_bf16,representative,512,768,768,bf16,baseline_final,32,32,32,4,8,16,200.858
512x768x768_bf16,representative,512,768,768,bf16,baseline_final,32,32,32,4,8,17,200.724
512x768x768_bf16,representative,512,768,768,bf16,baseline_final,32,32,32,4,8,18,197.315
512x768x768_bf16,representative,512,768,768,bf16,baseline_final,32,32,32,4,8,19,202.0
512x768x768_bf16,representative,512,768,768,bf16,baseline_final,32,32,32,4,8,20,205.435
512x768x768_bf16,representative,512,768,768,bf16,optimized_final,32,32,96,2,8,1,275.916
512x768x768_bf16,representative,512,768,768,bf16,optimized_final,32,32,96,2,8,2,212.969
512x768x768_bf16,representative,512,768,768,bf16,optimized_final,32,32,96,2,8,3,267.959
512x768x768_bf16,representative,512,768,768,bf16,optimized_final,32,32,96,2,8,4,279.103
512x768x768_bf16,representative,512,768,768,bf16,optimized_final,32,32,96,2,8,5,273.665
512x768x768_bf16,representative,512,768,768,bf16,optimized_final,32,32,96,2,8,6,175.934
512x768x768_bf16,representative,512,768,768,bf16,optimized_final,32,32,96,2,8,7,202.678
512x768x768_bf16,representative,512,768,768,bf16,optimized_final,32,32,96,2,8,8,275.413
512x768x768_bf16,representative,512,768,768,bf16,optimized_final,32,32,96,2,8,9,288.158
512x768x768_bf16,representative,512,768,768,bf16,optimized_final,32,32,96,2,8,10,286.111
512x768x768_bf16,representative,512,768,768,bf16,optimized_final,32,32,96,2,8,11,285.57
512x768x768_bf16,representative,512,768,768,bf16,optimized_final,32,32,96,2,8,12,275.79
512x768x768_bf16,representative,512,768,768,bf16,optimized_final,32,32,96,2,8,13,235.195
512x768x768_bf16,representative,512,768,768,bf16,optimized_final,32,32,96,2,8,14,247.939
512x768x768_bf16,representative,512,768,768,bf16,optimized_final,32,32,96,2,8,15,275.287
512x768x768_bf16,representative,512,768,768,bf16,optimized_final,32,32,96,2,8,16,270.843
512x768x768_bf16,representative,512,768,768,bf16,optimized_final,32,32,96,2,8,17,205.855
512x768x768_bf16,representative,512,768,768,bf16,optimized_final,32,32,96,2,8,18,174.611
512x768x768_bf16,representative,512,768,768,bf16,optimized_final,32,32,96,2,8,19,271.452
512x768x768_bf16,representative,512,768,768,bf16,optimized_final,32,32,96,2,8,20,282.63
