M,K,N,Data_Type,Baseline_m,Baseline_k,Baseline_n,Baseline_GOPS,Baseline_DDR_Bytes,Opt_m,Opt_k,Opt_n,Opt_GOPS,Opt_DDR_Bytes,Throughput_Speedup,DDR_Traffic_Reduction
64,64,128,i16,32,32,32,0.0,98304,32,64,16,0.538956,73728,0.0,1.33
64,64,256,i16,32,32,32,0.0,196608,32,64,32,1.22667,139264,0.0,1.41
64,64,512,i16,32,32,32,0.0,393216,32,64,64,2.51493,270336,0.0,1.45
64,64,1024,i16,32,32,32,0.0,786432,32,16,128,4.7859,532480,0.0,1.48
64,64,2048,i16,32,32,32,0.0,1572864,16,8,256,9.27206,1581056,0.0,0.99
64,64,4096,i16,32,32,32,0.0,3145728,8,4,512,17.7733,5251072,0.0,0.6
64,128,128,i16,32,32,32,0.0,163840,32,128,16,1.09593,114688,0.0,1.43
64,128,256,i16,32,32,32,0.0,327680,32,128,32,2.32722,212992,0.0,1.54
64,128,512,i16,32,32,32,0.0,655360,32,64,64,4.80395,409600,0.0,1.6
64,128,1024,i16,32,32,32,0.0,1310720,32,16,128,8.99212,802816,0.0,1.63
64,128,2048,i16,32,32,32,0.0,2621440,16,8,256,19.2052,2637824,0.0,0.99
64,128,4096,i16,32,32,32,0.0,5242880,8,4,512,35.1877,9453568,0.0,0.55
64,256,128,i16,32,32,32,0.0,294912,32,128,16,2.19143,196608,0.0,1.5
64,256,256,i16,32,32,32,0.0,589824,32,128,32,4.36434,360448,0.0,1.64
64,256,512,i16,32,32,32,0.0,1179648,32,64,64,9.82979,688128,0.0,1.71
64,256,1024,i16,32,32,32,0.0,2359296,32,16,128,17.4943,1343488,0.0,1.76
64,256,2048,i16,32,32,32,0.0,4718592,16,8,256,35.8534,4751360,0.0,0.99
64,256,4096,i16,32,32,32,0.0,9437184,8,4,512,74.5437,17858560,0.0,0.53
64,512,128,i16,32,32,32,0.0,557056,32,128,16,4.74673,360448,0.0,1.55
64,512,256,i16,32,32,32,0.0,1114112,32,128,32,9.45414,655360,0.0,1.7
64,512,512,i16,32,32,32,0.0,2228224,32,64,64,19.1596,1245184,0.0,1.79
64,512,1024,i16,32,32,32,0.0,4456448,32,16,128,33.9357,2424832,0.0,1.84
64,512,2048,i16,32,32,32,0.0,8912896,16,8,256,71.9793,8978432,0.0,0.99
64,512,4096,i16,32,32,32,0.0,17825792,8,4,512,136.669,34668544,0.0,0.51
64,1024,128,i16,32,32,32,0.0,1081344,32,128,16,8.62961,688128,0.0,1.57
64,1024,256,i16,32,32,32,0.0,2162688,32,128,32,17.6258,1245184,0.0,1.74
64,1024,512,i16,32,32,32,0.0,4325376,32,64,64,36.8325,2359296,0.0,1.83
64,1024,1024,i16,32,32,32,0.0,8650752,32,16,128,68.2505,4587520,0.0,1.89
64,1024,2048,i16,32,32,32,0.0,17301504,16,8,256,135.423,17432576,0.0,0.99
64,1024,4096,i16,32,32,32,0.0,34603008,8,4,512,234.95,68288512,0.0,0.51
64,2048,128,i16,32,32,32,0.0,2129920,32,128,16,19.9907,1343488,0.0,1.59
64,2048,256,i16,32,32,32,0.0,4259840,32,128,32,36.3706,2424832,0.0,1.76
64,2048,512,i16,32,32,32,0.0,8519680,32,64,64,70.7747,4587520,0.0,1.86
64,2048,1024,i16,32,32,32,0.0,17039360,32,16,128,141.357,8912896,0.0,1.91
64,2048,2048,i16,32,32,32,0.0,34078720,16,8,256,245.489,34340864,0.0,0.99
64,2048,4096,i16,32,32,32,0.0,68157440,8,4,512,384.546,135528448,0.0,0.5
64,4096,128,i16,32,32,32,0.0,4227072,32,128,16,35.4771,2654208,0.0,1.59
64,4096,256,i16,32,32,32,0.0,8454144,32,128,32,75.6793,4784128,0.0,1.77
64,4096,512,i16,32,32,32,0.0,16908288,32,64,64,146.84,9043968,0.0,1.87
64,4096,1024,i16,32,32,32,0.0,33816576,32,16,128,264.399,17563648,0.0,1.93
64,4096,2048,i16,32,32,32,0.0,67633152,16,8,256,413.089,68157440,0.0,0.99
64,4096,4096,i16,32,32,32,0.0,135266304,8,4,512,550.839,270008320,0.0,0.5
128,64,128,i16,32,32,32,0.0,196608,64,64,16,1.13742,114688,0.0,1.71
128,64,256,i16,32,32,32,1.39228,393216,64,64,32,2.21381,212992,1.59,1.85
128,64,512,i16,32,32,32,2.82967,786432,64,16,64,4.69333,409600,1.66,1.92
128,64,1024,i16,32,32,32,5.89898,1572864,32,16,128,9.60538,1064960,1.63,1.48
128,64,2048,i16,32,32,32,12.3461,3145728,16,8,256,19.1612,3162112,1.55,0.99
128,64,4096,i16,32,32,32,24.2173,6291456,8,4,512,39.6488,10502144,1.64,0.6
128,128,128,i16,32,32,32,0.0,327680,64,64,16,2.58578,163840,0.0,2.0
128,128,256,i16,32,32,32,3.1289,655360,64,64,32,5.19523,294912,1.66,2.22
128,128,512,i16,32,32,32,6.48175,1310720,64,16,64,9.90825,557056,1.53,2.35
128,128,1024,i16,32,32,32,12.5904,2621440,32,16,128,17.601,1605632,1.4,1.63
128,128,2048,i16,32,32,32,23.5037,5242880,16,8,256,37.265,5275648,1.59,0.99
128,128,4096,i16,32,32,32,49.3835,10485760,8,4,512,76.4841,18907136,1.55,0.55
128,256,128,i16,32,32,32,0.0,589824,64,64,16,5.18779,262144,0.0,2.25
128,256,256,i16,32,32,32,6.21352,1179648,64,64,32,8.80514,458752,1.42,2.57
128,256,512,i16,32,32,32,12.1778,2359296,64,16,64,16.9106,851968,1.39,2.77
128,256,1024,i16,32,32,32,21.8249,4718592,32,16,128,35.2164,2686976,1.61,1.76
128,256,2048,i16,32,32,32,46.7087,9437184,16,8,256,65.7161,9502720,1.41,0.99
128,256,4096,i16,32,32,32,90.0344,18874368,8,4,512,131.445,35717120,1.46,0.53
128,512,128,i16,32,32,32,0.0,1114112,64,64,16,8.70367,458752,0.0,2.43
128,512,256,i16,32,32,32,11.0169,2228224,64,64,32,17.8745,786432,1.62,2.83
128,512,512,i16,32,32,32,22.4245,4456448,64,16,64,35.8319,1441792,1.6,3.09
128,512,1024,i16,32,32,32,48.6983,8912896,32,16,128,73.6983,4849664,1.51,1.84
128,512,2048,i16,32,32,32,98.7486,17825792,16,8,256,149.206,17956864,1.51,0.99
128,512,4096,i16,32,32,32,183.39,35651584,8,4,512,238.206,69337088,1.3,0.51
128,1024,128,i16,32,32,32,0.0,2162688,64,64,16,20.3866,851968,0.0,2.54
128,1024,256,i16,32,32,32,0.0,4325376,64,64,32,40.1319,1441792,0.0,3.0
128,1024,512,i16,32,32,32,47.5013,8650752,64,16,64,73.6802,2621440,1.55,3.3
128,1024,1024,i16,32,32,32,94.608,17301504,32,16,128,142.742,9175040,1.51,1.89
128,1024,2048,i16,32,32,32,178.99,34603008,16,8,256,260.737,34865152,1.46,0.99
128,1024,4096,i16,32,32,32,324.45,69206016,8,4,512,390.587,136577024,1.2,0.51
128,2048,128,i16,32,32,32,0.0,4259840,32,128,16,37.9789,2686976,0.0,1.59
128,2048,256,i16,32,32,32,47.6236,8519680,32,128,32,77.0154,4849664,1.62,1.76
128,2048,512,i16,32,32,32,95.4872,17039360,32,64,64,148.047,9175040,1.55,1.86
128,2048,1024,i16,32,32,32,181.962,34078720,32,16,128,267.033,17825792,1.47,1.91
128,2048,2048,i16,32,32,32,319.192,68157440,16,8,256,436.527,68681728,1.37,0.99
128,2048,4096,i16,32,32,32,573.955,136314880,8,4,512,563.997,271056896,0.98,0.5
128,4096,128,i16,32,32,32,0.0,8454144,32,128,16,73.5517,5308416,0.0,1.59
128,4096,256,i16,32,32,32,97.6548,16908288,32,128,32,148.071,9568256,1.52,1.77
128,4096,512,i16,32,32,32,188.769,33816576,32,64,64,296.93,18087936,1.57,1.87
128,4096,1024,i16,32,32,32,339.079,67633152,32,16,128,474.349,35127296,1.4,1.93
128,4096,2048,i16,32,32,32,558.566,135266304,16,8,256,653.905,136314880,1.17,0.99
128,4096,4096,i16,32,32,32,871.29,270532608,8,4,512,709.288,540016640,0.81,0.5
256,64,128,i16,32,32,32,0.0,393216,128,32,16,2.71209,196608,0.0,2.0
256,64,256,i16,32,32,32,3.28898,786432,128,16,32,5.5207,360448,1.68,2.18
256,64,512,i16,32,32,32,6.35486,1572864,64,16,64,10.6053,819200,1.67,1.92
256,64,1024,i16,32,32,32,12.3714,3145728,32,16,128,20.2338,2129920,1.64,1.48
256,64,2048,i16,32,32,32,25.0711,6291456,16,8,256,40.3097,6324224,1.61,0.99
256,64,4096,i16,32,32,32,49.5694,12582912,8,4,512,76.0056,21004288,1.53,0.6
256,128,128,i16,32,32,32,0.0,655360,128,32,16,5.35698,262144,0.0,2.5
256,128,256,i16,32,32,32,6.4692,1310720,128,16,32,10.3999,458752,1.61,2.86
256,128,512,i16,32,32,32,12.8987,2621440,64,16,64,21.0176,1114112,1.63,2.35
256,128,1024,i16,32,32,32,25.053,5242880,32,16,128,41.4637,3211264,1.66,1.63
256,128,2048,i16,32,32,32,49.5892,10485760,16,8,256,78.059,10551296,1.57,0.99
256,128,4096,i16,32,32,32,95.9664,20971520,8,4,512,139.877,37814272,1.46,0.55
256,256,128,i16,32,32,32,0.0,1179648,128,32,16,10.7466,393216,0.0,3.0
256,256,256,i16,32,32,32,12.8924,2359296,128,16,32,20.6879,655360,1.6,3.6
256,256,512,i16,32,32,32,25.7846,4718592,64,16,64,40.7468,1703936,1.58,2.77
256,256,1024,i16,32,32,32,50.3026,9437184,32,16,128,78.2385,5373952,1.56,1.76
256,256,2048,i16,32,32,32,97.494,18874368,16,8,256,147.499,19005440,1.51,0.99
256,256,4096,i16,32,32,32,190.03,37748736,8,4,512,251.422,71434240,1.32,0.53
256,512,128,i16,32,32,32,0.0,2228224,128,32,16,16.6941,655360,0.0,3.4
256,512,256,i16,32,32,32,21.8992,4456448,128,16,32,37.4013,1048576,1.71,4.25
256,512,512,i16,32,32,32,47.2131,8912896,64,16,64,63.047,2883584,1.34,3.09
256,512,1024,i16,32,32,32,88.2353,17825792,32,16,128,127.11,9699328,1.44,1.84
256,512,2048,i16,32,32,32,171.722,35651584,16,8,256,228.698,35913728,1.33,0.99
256,512,4096,i16,32,32,32,318.812,71303168,8,4,512,375.322,138674176,1.18,0.51
256,1024,128,i16,32,32,32,0.0,4325376,128,32,16,34.1615,1179648,0.0,3.67
256,1024,256,i16,32,32,32,45.3204,8650752,128,16,32,66.3372,1835008,1.46,4.71
256,1024,512,i16,32,32,32,85.6629,17301504,64,16,64,128.627,5242880,1.5,3.3
256,1024,1024,i16,32,32,32,164.915,34603008,32,16,128,236.764,18350080,1.44,1.89
256,1024,2048,i16,32,32,32,309.873,69206016,16,8,256,390.488,69730304,1.26,0.99
256,1024,4096,i16,32,32,32,545.721,138412032,8,4,512,542.955,273154048,0.99,0.51
256,2048,128,i16,32,32,32,0.0,8519680,32,128,16,69.4252,5373952,0.0,1.59
256,2048,256,i16,32,32,32,85.0467,17039360,32,128,32,138.155,9699328,1.62,1.76
256,2048,512,i16,32,32,32,166.104,34078720,32,64,64,259.185,18350080,1.56,1.86
256,2048,1024,i16,32,32,32,318.932,68157440,32,16,128,444.979,35651584,1.4,1.91
256,2048,2048,i16,32,32,32,537.366,136314880,16,8,256,614.263,137363456,1.14,0.99
256,2048,4096,i16,32,32,32,884.882,272629760,8,4,512,707.928,542113792,0.8,0.5
256,4096,128,i16,32,32,32,0.0,16908288,32,128,16,132.17,10616832,0.0,1.59
256,4096,256,i16,32,32,32,180.853,33816576,32,128,32,265.204,19136512,1.47,1.77
256,4096,512,i16,32,32,32,334.07,67633152,32,64,64,501.564,36175872,1.5,1.87
256,4096,1024,i16,32,32,32,564.358,135266304,32,16,128,731.062,70254592,1.3,1.93
256,4096,2048,i16,32,32,32,827.117,270532608,16,8,256,860.18,272629760,1.04,0.99
256,4096,4096,i16,32,32,32,1253.53,541065216,8,4,512,837.238,1080033280,0.67,0.5
512,64,128,i16,32,32,32,0.0,786432,128,32,16,4.74271,393216,0.0,2.0
512,64,256,i16,32,32,32,5.71273,1572864,128,16,32,8.92505,720896,1.56,2.18
512,64,512,i16,32,32,32,11.1268,3145728,64,16,64,16.2938,1638400,1.46,1.92
512,64,1024,i16,32,32,32,21.8046,6291456,32,16,128,33.6045,4259840,1.54,1.48
512,64,2048,i16,32,32,32,41.6375,12582912,16,8,256,69.1649,12648448,1.66,0.99
512,64,4096,i16,32,32,32,83.0801,25165824,8,4,512,117.209,42008576,1.41,0.6
512,128,128,i16,32,32,32,0.0,1310720,128,32,16,9.07415,524288,0.0,2.5
512,128,256,i16,32,32,32,11.2114,2621440,128,16,32,16.6535,917504,1.49,2.86
512,128,512,i16,32,32,32,21.7581,5242880,64,16,64,33.5338,2228224,1.54,2.35
512,128,1024,i16,32,32,32,43.3317,10485760,32,16,128,67.6347,6422528,1.56,1.63
512,128,2048,i16,32,32,32,89.3997,20971520,16,8,256,128.558,21102592,1.44,0.99
512,128,4096,i16,32,32,32,169.256,41943040,8,4,512,217.401,75628544,1.28,0.55
512,256,128,i16,32,32,32,0.0,2359296,128,32,16,17.6144,786432,0.0,3.0
512,256,256,i16,32,32,32,21.7953,4718592,128,16,32,33.7109,1310720,1.55,3.6
512,256,512,i16,32,32,32,45.3124,9437184,64,16,64,68.2874,3407872,1.51,2.77
512,256,1024,i16,32,32,32,91.982,18874368,32,16,128,126.561,10747904,1.38,1.76
512,256,2048,i16,32,32,32,170.383,37748736,16,8,256,239.55,38010880,1.41,0.99
512,256,4096,i16,32,32,32,323.917,75497472,8,4,512,364.261,142868480,1.12,0.53
512,512,128,i16,32,32,32,0.0,4456448,128,32,16,33.1393,1310720,0.0,3.4
512,512,256,i16,32,32,32,46.7231,8912896,128,16,32,63.4019,2097152,1.36,4.25
512,512,512,i16,32,32,32,89.0315,17825792,64,16,64,128.875,5767168,1.45,3.09
512,512,1024,i16,32,32,32,173.754,35651584,32,16,128,241.621,19398656,1.39,1.84
512,512,2048,i16,32,32,32,311.516,71303168,16,8,256,393.395,71827456,1.26,0.99
512,512,4096,i16,32,32,32,543.052,142606336,8,4,512,542.539,277348352,1.0,0.51
512,1024,128,i16,32,32,32,0.0,8650752,128,32,16,63.1555,2359296,0.0,3.67
512,1024,256,i16,32,32,32,88.4251,17301504,128,16,32,124.836,3670016,1.41,4.71
512,1024,512,i16,32,32,32,167.785,34603008,64,16,64,231.229,10485760,1.38,3.3
512,1024,1024,i16,32,32,32,332.212,69206016,32,16,128,444.237,36700160,1.34,1.89
512,1024,2048,i16,32,32,32,510.82,138412032,16,8,256,619.993,139460608,1.21,0.99
512,1024,4096,i16,32,32,32,842.512,276824064,8,4,512,672.215,546308096,0.8,0.51
512,2048,128,i16,32,32,32,0.0,17039360,32,128,16,129.34,10747904,0.0,1.59
512,2048,256,i16,32,32,32,176.701,34078720,32,128,32,244.934,19398656,1.39,1.76
512,2048,512,i16,32,32,32,321.842,68157440,32,64,64,497.247,36700160,1.55,1.86
512,2048,1024,i16,32,32,32,558.626,136314880,32,16,128,708.213,71303168,1.27,1.91
512,2048,2048,i16,32,32,32,807.722,272629760,16,8,256,832.152,274726912,1.03,0.99
512,2048,4096,i16,32,32,32,1240.75,545259520,8,4,512,829.541,1084227584,0.67,0.5
512,4096,128,i16,32,32,32,0.0,33816576,32,128,16,242.457,21233664,0.0,1.59
512,4096,256,i16,32,32,32,328.694,67633152,32,128,32,483.706,38273024,1.47,1.77
512,4096,512,i16,32,32,32,601.253,135266304,32,64,64,836.536,72351744,1.39,1.87
512,4096,1024,i16,32,32,32,843.484,270532608,32,16,128,1004.15,140509184,1.19,1.93
512,4096,2048,i16,32,32,32,1133.28,541065216,16,8,256,1053.66,545259520,0.93,0.99
512,4096,4096,i16,32,32,32,1564.44,1082130432,8,4,512,877.394,2160066560,0.56,0.5
1024,64,128,i16,32,32,32,0.0,1572864,128,32,16,9.11296,786432,0.0,2.0
1024,64,256,i16,32,32,32,10.6501,3145728,128,16,32,17.861,1441792,1.68,2.18
1024,64,512,i16,32,32,32,21.2932,6291456,64,16,64,34.6778,3276800,1.63,1.92
1024,64,1024,i16,32,32,32,43.982,12582912,32,16,128,63.8048,8519680,1.45,1.48
1024,64,2048,i16,32,32,32,79.3577,25165824,16,8,256,123.817,25296896,1.56,0.99
1024,64,4096,i16,32,32,32,163.306,50331648,8,4,512,204.412,84017152,1.25,0.6
1024,128,128,i16,32,32,32,0.0,2621440,128,32,16,17.5933,1048576,0.0,2.5
1024,128,256,i16,32,32,32,22.4043,5242880,128,16,32,35.1723,1835008,1.57,2.86
1024,128,512,i16,32,32,32,40.8505,10485760,64,16,64,67.9806,4456448,1.66,2.35
1024,128,1024,i16,32,32,32,88.4099,20971520,32,16,128,132.782,12845056,1.5,1.63
1024,128,2048,i16,32,32,32,154.949,41943040,16,8,256,228.578,42205184,1.48,0.99
1024,128,4096,i16,32,32,32,296.258,83886080,8,4,512,345.481,151257088,1.17,0.55
1024,256,128,i16,32,32,32,0.0,4718592,128,32,16,33.5603,1572864,0.0,3.0
1024,256,256,i16,32,32,32,42.4931,9437184,128,16,32,69.329,2621440,1.63,3.6
1024,256,512,i16,32,32,32,89.2282,18874368,64,16,64,128.406,6815744,1.44,2.77
1024,256,1024,i16,32,32,32,174.636,37748736,32,16,128,239.907,21495808,1.37,1.76
1024,256,2048,i16,32,32,32,322.744,75497472,16,8,256,386.807,76021760,1.2,0.99
1024,256,4096,i16,32,32,32,572.83,150994944,8,4,512,526.084,285736960,0.92,0.53
1024,512,128,i16,32,32,32,0.0,8912896,128,32,16,67.2616,2621440,0.0,3.4
1024,512,256,i16,32,32,32,89.2146,17825792,128,16,32,129.228,4194304,1.45,4.25
1024,512,512,i16,32,32,32,165.339,35651584,64,16,64,239.14,11534336,1.45,3.09
1024,512,1024,i16,32,32,32,327.121,71303168,32,16,128,440.421,38797312,1.35,1.84
1024,512,2048,i16,32,32,32,573.894,142606336,16,8,256,600.718,143654912,1.05,0.99
1024,512,4096,i16,32,32,32,809.903,285212672,8,4,512,688.587,554696704,0.85,0.51
1024,1024,128,i16,32,32,32,0.0,17301504,128,32,16,128.632,4718592,0.0,3.67
1024,1024,256,i16,32,32,32,174.858,34603008,128,16,32,244.04,7340032,1.4,4.71
1024,1024,512,i16,32,32,32,324.878,69206016,64,16,64,446.979,20971520,1.38,3.3
1024,1024,1024,i16,32,32,32,589.599,138412032,32,16,128,720.204,73400320,1.22,1.89
1024,1024,2048,i16,32,32,32,835.453,276824064,16,8,256,843.15,278921216,1.01,0.99
1024,1024,4096,i16,32,32,32,1171.26,553648128,8,4,512,792.502,1092616192,0.68,0.51
1024,2048,128,i16,32,32,32,0.0,34078720,32,128,16,230.296,21495808,0.0,1.59
1024,2048,256,i16,32,32,32,328.999,68157440,32,128,32,485.164,38797312,1.47,1.76
1024,2048,512,i16,32,32,32,607.457,136314880,32,64,64,859.328,73400320,1.41,1.86
1024,2048,1024,i16,32,32,32,895.375,272629760,32,16,128,1054.76,142606336,1.18,1.91
1024,2048,2048,i16,32,32,32,1124.82,545259520,16,8,256,1002.86,549453824,0.89,0.99
1024,2048,4096,i16,32,32,32,1546.1,1090519040,8,4,512,868.898,2168455168,0.56,0.5
1024,4096,128,i16,32,32,32,0.0,67633152,32,128,16,410.37,42467328,0.0,1.59
1024,4096,256,i16,32,32,32,620.651,135266304,32,128,32,807.841,76546048,1.3,1.77
1024,4096,512,i16,32,32,32,925.172,270532608,32,64,64,1261.95,144703488,1.36,1.87
1024,4096,1024,i16,32,32,32,1227.02,541065216,32,16,128,1355.5,281018368,1.1,1.93
1024,4096,2048,i16,32,32,32,1426.64,1082130432,16,8,256,1147.72,1090519040,0.8,0.99
1024,4096,4096,i16,32,32,32,1747.2,2164260864,8,4,512,934.233,4320133120,0.53,0.5
2048,64,128,i16,32,32,32,0.0,3145728,128,32,16,16.2958,1572864,0.0,2.0
2048,64,256,i16,32,32,32,21.5785,6291456,128,16,32,35.487,2883584,1.64,2.18
2048,64,512,i16,32,32,32,46.1944,12582912,64,16,64,63.9587,6553600,1.38,1.92
2048,64,1024,i16,32,32,32,78.2852,25165824,32,16,128,126.638,17039360,1.62,1.48
2048,64,2048,i16,32,32,32,158.106,50331648,16,8,256,213.842,50593792,1.35,0.99
2048,64,4096,i16,32,32,32,270.21,100663296,8,4,512,310.842,168034304,1.15,0.6
2048,128,128,i16,32,32,32,0.0,5242880,128,32,16,33.2393,2097152,0.0,2.5
2048,128,256,i16,32,32,32,43.7586,10485760,128,16,32,73.5118,3670016,1.68,2.86
2048,128,512,i16,32,32,32,85.2231,20971520,64,16,64,133.843,8912896,1.57,2.35
2048,128,1024,i16,32,32,32,164.363,41943040,32,16,128,249.131,25690112,1.52,1.63
2048,128,2048,i16,32,32,32,302.354,83886080,16,8,256,396.707,84410368,1.31,0.99
2048,128,4096,i16,32,32,32,519.196,167772160,8,4,512,487.22,302514176,0.94,0.55
2048,256,128,i16,32,32,32,0.0,9437184,128,32,16,71.3337,3145728,0.0,3.0
2048,256,256,i16,32,32,32,84.3102,18874368,128,16,32,123.52,5242880,1.47,3.6
2048,256,512,i16,32,32,32,175.628,37748736,64,16,64,256.951,13631488,1.46,2.77
2048,256,1024,i16,32,32,32,329.72,75497472,32,16,128,432.371,42991616,1.31,1.76
2048,256,2048,i16,32,32,32,566.586,150994944,16,8,256,606.127,152043520,1.07,0.99
2048,256,4096,i16,32,32,32,893.327,301989888,8,4,512,642.149,571473920,0.72,0.53
2048,512,128,i16,32,32,32,0.0,17825792,128,32,16,134.044,5242880,0.0,3.4
2048,512,256,i16,32,32,32,170.382,35651584,128,16,32,244.745,8388608,1.44,4.25
2048,512,512,i16,32,32,32,331.476,71303168,64,16,64,442.309,23068672,1.33,3.09
2048,512,1024,i16,32,32,32,576.22,142606336,32,16,128,730.384,77594624,1.27,1.84
2048,512,2048,i16,32,32,32,945.132,285212672,16,8,256,825.481,287309824,0.87,0.99
2048,512,4096,i16,32,32,32,1206.43,570425344,8,4,512,797.915,1109393408,0.66,0.51
2048,1024,128,i16,32,32,32,0.0,34603008,128,32,16,249.351,9437184,0.0,3.67
2048,1024,256,i16,32,32,32,339.893,69206016,128,16,32,419.535,14680064,1.23,4.71
2048,1024,512,i16,32,32,32,586.052,138412032,64,16,64,711.819,41943040,1.21,3.3
2048,1024,1024,i16,32,32,32,980.331,276824064,32,16,128,1044.66,146800640,1.07,1.89
2048,1024,2048,i16,32,32,32,1143.48,553648128,16,8,256,1031.5,557842432,0.9,0.99
2048,1024,4096,i16,32,32,32,1479.43,1107296256,8,4,512,859.917,2185232384,0.58,0.51
2048,2048,128,i16,32,32,32,0.0,68157440,32,128,16,414.694,42991616,0.0,1.59
2048,2048,256,i16,32,32,32,622.108,136314880,32,128,32,820.077,77594624,1.32,1.76
2048,2048,512,i16,32,32,32,1018.38,272629760,32,64,64,1355.19,146800640,1.33,1.86
2048,2048,1024,i16,32,32,32,1237.97,545259520,32,16,128,1308.45,285212672,1.06,1.91
2048,2048,2048,i16,32,32,32,1373.4,1090519040,16,8,256,1160.81,1098907648,0.85,0.99
2048,2048,4096,i16,32,32,32,1736.96,2181038080,8,4,512,927.518,4336910336,0.53,0.5
2048,4096,128,i16,32,32,32,0.0,135266304,32,128,16,614.614,84934656,0.0,1.59
2048,4096,256,i16,32,32,32,1041.41,270532608,32,128,32,1203.44,153092096,1.16,1.77
2048,4096,512,i16,32,32,32,1467.98,541065216,32,64,64,1690.0,289406976,1.15,1.87
2048,4096,1024,i16,32,32,32,1576.7,1082130432,32,16,128,1546.77,562036736,0.98,1.93
2048,4096,2048,i16,32,32,32,1653.18,2164260864,16,8,256,1232.68,2181038080,0.75,0.99
2048,4096,4096,i16,32,32,32,1991.89,4328521728,8,4,512,971.439,8640266240,0.49,0.5
4096,64,128,i16,32,32,32,0.0,6291456,128,32,16,34.1331,3145728,0.0,2.0
4096,64,256,i16,32,32,32,42.8865,12582912,128,16,32,68.1456,5767168,1.59,2.18
4096,64,512,i16,32,32,32,80.9772,25165824,64,16,64,128.389,13107200,1.59,1.92
4096,64,1024,i16,32,32,32,158.233,50331648,32,16,128,216.562,34078720,1.37,1.48
4096,64,2048,i16,32,32,32,274.362,100663296,16,8,256,338.334,101187584,1.23,0.99
4096,64,4096,i16,32,32,32,464.302,201326592,8,4,512,451.344,336068608,0.97,0.6
4096,128,128,i16,32,32,32,0.0,10485760,128,32,16,68.9773,4194304,0.0,2.5
4096,128,256,i16,32,32,32,86.396,20971520,128,16,32,131.911,7340032,1.53,2.86
4096,128,512,i16,32,32,32,168.128,41943040,64,16,64,243.664,17825792,1.45,2.35
4096,128,1024,i16,32,32,32,297.615,83886080,32,16,128,418.649,51380224,1.41,1.63
4096,128,2048,i16,32,32,32,524.448,167772160,16,8,256,584.832,168820736,1.12,0.99
4096,128,4096,i16,32,32,32,848.937,335544320,8,4,512,623.952,605028352,0.73,0.55
4096,256,128,i16,32,32,32,0.0,18874368,128,32,16,122.345,6291456,0.0,3.0
4096,256,256,i16,32,32,32,171.949,37748736,128,16,32,255.623,10485760,1.49,3.6
4096,256,512,i16,32,32,32,324.072,75497472,64,16,64,451.334,27262976,1.39,2.77
4096,256,1024,i16,32,32,32,559.789,150994944,32,16,128,683.385,85983232,1.22,1.76
4096,256,2048,i16,32,32,32,879.078,301989888,16,8,256,827.989,304087040,0.94,0.99
4096,256,4096,i16,32,32,32,1327.38,603979776,8,4,512,774.747,1142947840,0.58,0.53
4096,512,128,i16,32,32,32,0.0,35651584,128,32,16,251.67,10485760,0.0,3.4
4096,512,256,i16,32,32,32,328.979,71303168,128,16,32,442.828,16777216,1.35,4.25
4096,512,512,i16,32,32,32,594.274,142606336,64,16,64,718.35,46137344,1.21,3.09
4096,512,1024,i16,32,32,32,938.715,285212672,32,16,128,1052.75,155189248,1.12,1.84
4096,512,2048,i16,32,32,32,1409.86,570425344,16,8,256,989.886,574619648,0.7,0.99
4096,512,4096,i16,32,32,32,1525.95,1140850688,8,4,512,863.837,2218786816,0.57,0.51
4096,1024,128,i16,32,32,32,0.0,69206016,128,32,16,432.914,18874368,0.0,3.67
4096,1024,256,i16,32,32,32,608.363,138412032,128,16,32,700.319,29360128,1.15,4.71
4096,1024,512,i16,32,32,32,997.746,276824064,64,16,64,1041.8,83886080,1.04,3.3
4096,1024,1024,i16,32,32,32,1411.03,553648128,32,16,128,1293.46,293601280,0.92,1.89
4096,1024,2048,i16,32,32,32,1488.55,1107296256,16,8,256,1106.83,1115684864,0.74,0.99
4096,1024,4096,i16,32,32,32,1713.19,2214592512,8,4,512,919.65,4370464768,0.54,0.51
4096,2048,128,i16,32,32,32,0.0,136314880,32,128,16,617.886,85983232,0.0,1.59
4096,2048,256,i16,32,32,32,1046.31,272629760,32,128,32,1240.87,155189248,1.19,1.76
4096,2048,512,i16,32,32,32,1538.76,545259520,32,64,64,1937.21,293601280,1.26,1.86
4096,2048,1024,i16,32,32,32,1646.88,1090519040,32,16,128,1596.17,570425344,0.97,1.91
4096,2048,2048,i16,32,32,32,1692.09,2181038080,16,8,256,1218.03,2197815296,0.72,0.99
4096,2048,4096,i16,32,32,32,1951.98,4362076160,8,4,512,965.128,8673820672,0.49,0.5
4096,4096,128,i16,32,32,32,0.0,270532608,32,128,16,830.587,169869312,0.0,1.59
4096,4096,256,i16,32,32,32,1574.86,541065216,32,128,32,1621.51,306184192,1.03,1.77
4096,4096,512,i16,32,32,32,1935.46,1082130432,32,64,64,2234.23,578813952,1.15,1.87
4096,4096,1024,i16,32,32,32,1785.13,2164260864,32,16,128,1672.29,1124073472,0.94,1.93
4096,4096,2048,i16,32,32,32,1953.46,4328521728,16,8,256,1295.64,4362076160,0.66,0.99
4096,4096,4096,i16,32,32,32,0.0,8657043456,8,4,512,0.0,17280532480,0.0,0.5
16,512,512,i16,32,32,32,0.0,0,8,128,64,4.60038,1097728,0.0,0.0
16,512,1024,i16,32,32,32,0.0,0,8,64,128,9.30934,2179072,0.0,0.0
16,512,2048,i16,32,32,32,0.0,0,8,16,256,16.8443,4341760,0.0,0.0
16,512,4096,i16,32,32,32,0.0,0,8,4,512,36.0866,8667136,0.0,0.0
16,1024,512,i16,32,32,32,0.0,0,8,128,64,8.75316,2162688,0.0,0.0
16,1024,1024,i16,32,32,32,0.0,0,8,64,128,18.1312,4292608,0.0,0.0
16,1024,2048,i16,32,32,32,0.0,0,8,16,256,35.6795,8552448,0.0,0.0
16,1024,4096,i16,32,32,32,0.0,0,8,4,512,70.9211,17072128,0.0,0.0
16,2048,512,i16,32,32,32,0.0,0,8,128,64,17.6873,4292608,0.0,0.0
16,2048,1024,i16,32,32,32,0.0,0,8,64,128,35.5339,8519680,0.0,0.0
16,2048,2048,i16,32,32,32,0.0,0,8,16,256,70.8569,16973824,0.0,0.0
16,2048,4096,i16,32,32,32,0.0,0,8,4,512,132.5,33882112,0.0,0.0
16,4096,512,i16,32,32,32,0.0,0,8,128,64,35.951,8552448,0.0,0.0
16,4096,1024,i16,32,32,32,0.0,0,8,64,128,73.8699,16973824,0.0,0.0
16,4096,2048,i16,32,32,32,0.0,0,8,16,256,135.693,33816576,0.0,0.0
16,4096,4096,i16,32,32,32,0.0,0,8,4,512,236.042,67502080,0.0,0.0
32,512,512,i16,32,32,32,0.0,1114112,16,64,64,8.90216,1146880,0.0,0.97
32,512,1024,i16,32,32,32,0.0,2228224,16,32,128,17.8782,2260992,0.0,0.99
32,512,2048,i16,32,32,32,0.0,4456448,16,8,256,33.4309,4489216,0.0,0.99
32,512,4096,i16,32,32,32,0.0,8912896,8,4,512,67.4523,17334272,0.0,0.51
32,1024,512,i16,32,32,32,0.0,2162688,16,64,64,18.0885,2228224,0.0,0.97
32,1024,1024,i16,32,32,32,0.0,4325376,16,32,128,35.5892,4390912,0.0,0.99
32,1024,2048,i16,32,32,32,0.0,8650752,16,8,256,67.9612,8716288,0.0,0.99
32,1024,4096,i16,32,32,32,0.0,17301504,8,4,512,130.582,34144256,0.0,0.51
32,2048,512,i16,32,32,32,0.0,4259840,16,64,64,34.2709,4390912,0.0,0.97
32,2048,1024,i16,32,32,32,0.0,8519680,16,32,128,72.8812,8650752,0.0,0.98
32,2048,2048,i16,32,32,32,0.0,17039360,16,8,256,138.504,17170432,0.0,0.99
32,2048,4096,i16,32,32,32,0.0,34078720,8,4,512,235.255,67764224,0.0,0.5
32,4096,512,i16,32,32,32,0.0,8454144,16,64,64,68.5238,8716288,0.0,0.97
32,4096,1024,i16,32,32,32,0.0,16908288,16,32,128,138.177,17170432,0.0,0.98
32,4096,2048,i16,32,32,32,0.0,33816576,16,8,256,240.572,34078720,0.0,0.99
32,4096,4096,i16,32,32,32,0.0,67633152,8,4,512,382.287,135004160,0.0,0.5
